测试类型,标准问题,测试问题,关键词,关键词命中率,数字匹配率,准确,响应时间
标准问题,我是南京医保，可以给省内医保的家人/外地医保的家人参保吗,我是南京医保，可以给省内医保的家人/外地医保的家人参保吗,"南京医保,家人参保,外地医保",40%,100%,是,5081ms
标准问题,这款产品会停售吗？,这款产品会停售吗？,"停售,停止销售,下架",20%,100%,是,7626ms
标准问题,已经划扣，需要取消，如何操作退费?,已经划扣，需要取消，如何操作退费?,"退保,取消保险,退款",33%,100%,是,3066ms
标准问题,哪些人群可以参加南京宁惠保？,哪些人群可以参加南京宁惠保？,"参保对象,近亲属,断保用户",0%,100%,否,3217ms
标准问题,怎么查询或下载发票？,怎么查询或下载发票？,"发票,电子发票,下载发票",40%,100%,否,3144ms
标准问题,填写的身份信息会被泄露吗？,填写的身份信息会被泄露吗？,"信息泄露,隐私保护,身份信息",40%,100%,是,3086ms
标准问题,宁惠保的赔付标准是什么？,宁惠保的赔付标准是什么？,"宁惠保,赔付标准,报销比例",17%,100%,是,3263ms
标准问题,开通了自动续保后会从哪些渠道划扣?,开通了自动续保后会从哪些渠道划扣?,"自动续保,划扣渠道,支付方式",40%,100%,是,4109ms
标准问题,省外医保人员是否可以参保南京宁惠保？,省外医保人员是否可以参保南京宁惠保？,"省外医保,参保条件,居住证明",60%,100%,否,3596ms
标准问题,投保后，为什么一直显示出单中？,投保后，为什么一直显示出单中？,"出单中,状态,审核",60%,100%,是,3022ms
标准问题,什么是等待期,什么是等待期,"等待期,观察期,免责期",17%,100%,是,3193ms
标准问题,外籍人士可以投保这款产品吗？,外籍人士可以投保这款产品吗？,"外籍人士,投保资格,外国人参保",100%,100%,否,2963ms
标准问题,什么是免赔额？免赔额是多少？,什么是免赔额？免赔额是多少？,"免赔额金额,免赔额数额,自付额度",100%,100%,是,8745ms
标准问题,退休后，可以投保本产品吗？,退休后，可以投保本产品吗？,"退休,投保,购买",40%,100%,否,2675ms
标准问题,投保这款产品需要满足什么条件？,投保这款产品需要满足什么条件？,"投保条件,参保要求,购买资格",20%,100%,是,5781ms
标准问题,预留手机号可以修改吗？如何修改？,预留手机号可以修改吗？如何修改？,"手机号,修改,预留信息",40%,100%,是,2574ms
标准问题,城市定制型保险/普惠型补充医疗保险是什么？,城市定制型保险/普惠型补充医疗保险是什么？,"城市定制型保险,普惠型补充医疗,政府合作",20%,100%,是,3923ms
标准问题,如何查询自己是否已开通自动续保?,如何查询自己是否已开通自动续保?,"自动续保,查询,是否开通",20%,100%,否,1251ms
标准问题,可以变更受益人吗,可以变更受益人吗,"变更受益人,修改受益人,指定受益人",20%,100%,否,2419ms
标准问题,这款产品的领款人是谁？,这款产品的领款人是谁？,"领款人,被保险人,监护人",40%,100%,是,7564ms
标准问题,全家参保有什么额外好处吗？,全家参保有什么额外好处吗？,"全家参保,家庭共享,多人投保",20%,100%,是,3585ms
标准问题,为什么建议您保留自动续保?,为什么建议您保留自动续保?,"自动续保,续保,保障中断",60%,100%,是,3963ms
标准问题,保单到期后，没有出险保费会返还吗？,保单到期后，没有出险保费会返还吗？,"保单到期,保费返还,消费型保险",60%,100%,是,3725ms
标准问题,为什么价格这么优惠？,为什么价格这么优惠？,价格优惠原因,0%,100%,是,3334ms
标准问题,投保后提供纸质保单还是电子保单？,投保后提供纸质保单还是电子保单？,"电子保单,纸质保单,凭证",20%,100%,否,2807ms
标准问题,这款产品保额是多少？,这款产品保额是多少？,"保额,赔付上限,最高赔付",20%,18%,是,6148ms
标准问题,这款产品生效时间早于投保时间是否合规？,这款产品生效时间早于投保时间是否合规？,"生效时间,投保时间,合规",60%,50%,是,6043ms
标准问题,这款产品可以续保吗？续保规则是什么？,这款产品可以续保吗？续保规则是什么？,"续保规则,能否续保,每年可否续保",0%,100%,是,7218ms
标准问题,已经购买了其他医疗保障产品，是否还需要购买南京宁惠保？,已经购买了其他医疗保障产品，是否还需要购买南京宁惠保？,"已有医疗保障,是否还需,叠加保障",33%,100%,是,4485ms
标准问题,什么是“南京宁惠保？,什么是“南京宁惠保？,"南京宁惠保,是什么,政府指导",40%,100%,是,5707ms
标准问题,这款产品怎么投保？,这款产品怎么投保？,"怎么参保,投保方式,购买方法",20%,100%,否,3141ms
标准问题,参保有截止日期吗？,参保有截止日期吗？,"截止日期,参保时间,什么时候截止",20%,100%,否,2587ms
标准问题,为什么保单上没有保险公司的盖章？,为什么保单上没有保险公司的盖章？,"保单,盖章,公章",60%,100%,是,4151ms
标准问题,续保需要重新填写资料吗？,续保需要重新填写资料吗？,"续保,资料,重新填写",80%,100%,是,3165ms
标准问题,这款产品是哪个保险公司承保的？,这款产品是哪个保险公司承保的？,"承保公司,保险公司,联合承保",0%,100%,是,4858ms
标准问题,如何实现家庭参保共享免赔额，理赔时如何认定为一个家庭？,如何实现家庭参保共享免赔额，理赔时如何认定为一个家庭？,"免赔额共享,家庭免赔额,免赔额合并",0%,100%,否,3544ms
标准问题,暂时不需要自动续保“南京宁惠保六期，如何取消?,暂时不需要自动续保“南京宁惠保六期，如何取消?,"取消自动续保,关闭续保服务,宁惠保六期",20%,100%,是,5120ms
标准问题,投保这款产品是否需要健康告知/体检？,投保这款产品是否需要健康告知/体检？,"健康告知,体检,是否需要",0%,100%,否,5067ms
标准问题,这款产品和医保的区别？,这款产品和医保的区别？,"南京宁惠保,医保区别,医疗补充保险",40%,100%,是,5339ms
标准问题,这款产品什么时候生效？,这款产品什么时候生效？,"生效时间,保障开始,什么时候开始",0%,67%,否,3185ms
标准问题,是否可以带病投保？,是否可以带病投保？,"带病投保,可以买保险吗,已有疾病参保",40%,100%,是,7294ms
标准问题,南京基本医保参保人可以为直系亲属投保宁惠保吗？,南京基本医保参保人可以为直系亲属投保宁惠保吗？,"为亲属投保,直系亲属参保,家庭成员买保险",0%,100%,是,4263ms
标准问题,电子保单什么时候可以查下并下载？,电子保单什么时候可以查下并下载？,"电子保单,下载,查询",100%,100%,是,3564ms
标准问题,有社保和无社保投保有什么区别,有社保和无社保投保有什么区别,"有社保和无社保区别,参保条件,是否必须有医保",0%,100%,否,3393ms
标准问题,这款产品有哪些投保渠道？,这款产品有哪些投保渠道？,"投保渠道,购买途径,线上投保",20%,100%,否,2989ms
标准问题,购买宁惠保是否还需要购买国家基本医疗保险？,购买宁惠保是否还需要购买国家基本医疗保险？,"宁惠保,医保,基本医疗保险",60%,100%,是,3471ms
标准问题,宁惠保六期是否支持使用医保个账购买，是否有金额限制，是否支持,宁惠保六期是否支持使用医保个账购买，是否有金额限制，是否支持,"医保个账,购买,金额限制",80%,100%,否,2468ms
标准问题,这款产品有哪些优待政策吗？,这款产品有哪些优待政策吗？,"优待政策,续保优惠,保费减免",0%,0%,是,3982ms
标准问题,申请退保后保费多久到账？,申请退保后保费多久到账？,"退保,退款,保费到账",20%,100%,是,3712ms
标准问题,这款产品可以为他人投保吗？,这款产品可以为他人投保吗？,"为他人投保,给家人买,帮别人参保",40%,100%,否,3060ms
标准问题,已经购买了其他产品，是否还需要购买这款产品？,已经购买了其他产品，是否还需要购买这款产品？,"重复购买,其他产品,是否需要",17%,100%,是,2895ms
标准问题,非南京户籍人员是否可以购买南京宁惠保？,非南京户籍人员是否可以购买南京宁惠保？,"南京宁惠保,非户籍,购买条件",20%,100%,是,3713ms
标准问题,免赔额具体金额是多少？,免赔额具体金额是多少？,"免赔额金额,免赔额数额,自付额度",0%,76%,是,6019ms
标准问题,与去年相比，“南京宁惠保”六期的保障有变化吗？,与去年相比，“南京宁惠保”六期的保障有变化吗？,"南京宁惠保,六期,保障变化",60%,100%,是,8041ms
标准问题,这款产品保费是多少？,这款产品保费是多少？,保费金额,0%,100%,否,5003ms
标准问题,去年参保了，今年继续参保有没有什么优待？,去年参保了，今年继续参保有没有什么优待？,"连续参保,续保优惠,未出险",80%,100%,是,8130ms
标准问题,家庭成员是否可以共享免赔额？,家庭成员是否可以共享免赔额？,"免赔额共享,家庭免赔额,免赔额合并",0%,100%,否,3277ms
标准问题,哪些人群可以参保南京宁惠保？,哪些人群可以参保南京宁惠保？,"参保条件,南京宁惠保,医保参保人",40%,100%,否,2873ms
标准问题,这款产品保障多长时间？,这款产品保障多长时间？,"保障期限,有效期,多长时间",0%,43%,否,3019ms
标准问题,今年还可以用医保个账支付保费吗？,今年还可以用医保个账支付保费吗？,"医保个账,个人账户,医保余额",33%,100%,是,4024ms
标准问题,这款产品的等待期/观察期有多久？,这款产品的等待期/观察期有多久？,"等待期,观察期,责任",60%,0%,是,6372ms
标准问题,怎么为家人激活电子医保凭证？,怎么为家人激活电子医保凭证？,"激活医保凭证,电子医保卡,微信激活",20%,100%,是,3664ms
标准问题,去年已购买了“南京宁惠保”，今年还需要重新购买吗？,去年已购买了“南京宁惠保”，今年还需要重新购买吗？,"南京宁惠保,是否需要重新购买,一年期产品",60%,100%,否,3557ms
标准问题,这款产品和其他商业险是否有冲突？,这款产品和其他商业险是否有冲突？,"与其他保险冲突,和商业险关系,是否影响其他保险",0%,100%,是,4282ms
标准问题,续保时需要再次告知身体状况吗,续保时需要再次告知身体状况吗,"续保,告知健康状况,身体情况",20%,100%,否,2034ms
标准问题,家庭成员如何共享免赔额？需要提供哪些证明材料？,家庭成员如何共享免赔额？需要提供哪些证明材料？,"免赔额共享,家庭免赔额,免赔额合并",0%,100%,否,3042ms
标准问题,在哪里查询这款产品的条款？,在哪里查询这款产品的条款？,"保险条款,保障内容,合同",20%,100%,否,2981ms
标准问题,这款产品的赔付比例是多少？,这款产品的赔付比例是多少？,"赔付比例,报销比例,免赔额",40%,85%,是,10165ms
标准问题,是多次住院累计报销额超过多少可以报销,是多次住院累计报销额超过多少可以报销,"多次住院,累计免赔额,报销门槛",20%,71%,是,5642ms
标准问题,现在住院自费太高，自费加起来2万才报吗,现在住院自费太高，自费加起来2万才报吗,"住院自费,年度累计",0%,68%,是,11833ms
标准问题,谁没事整天住院？,谁没事整天住院？,"住院频率,住院次数,住院问题",20%,0%,是,3766ms
标准问题,住院总费用1.3万，自费4千,住院总费用1.3万，自费4千,"住院费用自费,赔付比例",0%,0%,否,3739ms
标准问题,可以延期么？我父母在南京住院现在已经回老家了，办理文件不方便,可以延期么？我父母在南京住院现在已经回老家了，办理文件不方便,"延期,住院文件,办理不便",0%,100%,是,5462ms
标准问题,25年12月住院，26年1月1号出院，怎么在查询时看不到25,25年12月住院，26年1月1号出院，怎么在查询时看不到25,"跨年住院,报销,入院时间",20%,100%,是,5334ms
标准问题,如何咨询关于南京宁惠保的参保问题？,如何咨询关于南京宁惠保的参保问题？,"咨询参保,购买问题,投保疑问",0%,100%,否,2674ms
标准问题,能查到我的保单么,能查到我的保单么,"保单,查询,查看",20%,0%,否,1019ms
标准问题,在哪里查询或下载我的保单？,在哪里查询或下载我的保单？,"下载,保单,电子凭证",0%,100%,否,1110ms
标准问题,这个自动续保我都不知道怎么就自动续保了？能取消订单吗,这个自动续保我都不知道怎么就自动续保了？能取消订单吗,"自动续保,取消订单,退保",0%,100%,否,1066ms
标准问题,保单号可以空着吗,保单号可以空着吗,"保单号,填写要求,是否必填",40%,0%,是,4148ms
标准问题,哪里可以查看我的保单,哪里可以查看我的保单,"保单,查看,凭证",0%,100%,否,969ms
标准问题,宁惠保电子保单怎么下载？,宁惠保电子保单怎么下载？,"宁惠保,电子保单,下载",71%,100%,是,5377ms
标准问题,宁惠保是否可以报销住院费用？,宁惠保是否可以报销住院费用？,宁惠保住院报销,0%,0%,是,3561ms
标准问题,痔疮手术是否可以理赔,痔疮手术是否可以理赔,"痔疮手术,理赔,日间手术",100%,100%,是,3339ms
标准问题,哪些疾病可以理赔？,哪些疾病可以理赔？,"理赔,疾病,报销",17%,100%,是,4664ms
标准问题,门诊手术是否可以报销,门诊手术是否可以报销,"门诊手术,报销条件,日间手术",40%,100%,是,4044ms
标准问题,脑梗、脑出血可以报销吗？,脑梗、脑出血可以报销吗？,"脑梗,脑出血,住院报销",40%,100%,是,2963ms
标准问题,国外的住院医疗费用本产品可以理赔吗？,国外的住院医疗费用本产品可以理赔吗？,"国外,住院费用,理赔",17%,100%,否,3050ms
标准问题,去年投保了，今年投保，去年确认恶性肿瘤，算既往症吗？,去年投保了，今年投保，去年确认恶性肿瘤，算既往症吗？,"既往症,老毛病,恶性肿瘤",80%,100%,是,6818ms
标准问题,基因检测费用是否可以报销？,基因检测费用是否可以报销？,"基因检测,费用报销,住院清单",40%,100%,是,2628ms
标准问题,本产品既往症具体有哪些？,本产品既往症具体有哪些？,"既往症有哪些,老毛病范围,已有疾病",100%,100%,是,7147ms
标准问题,手术费用是否可以理赔,手术费用是否可以理赔,手术费理赔,100%,100%,是,3629ms
标准问题,宁惠保理赔中哪些情况符合药房购药的理赔条件？,宁惠保理赔中哪些情况符合药房购药的理赔条件？,"宁惠保,药房购药,理赔条件",86%,100%,是,4386ms
标准问题,住院费用是否可以报销？如何申请？,住院费用是否可以报销？如何申请？,"住院费用,是否可以报销,理赔流程",40%,100%,是,4377ms
标准问题,进口药、自费药可以报销吗,进口药、自费药可以报销吗,"进口药,自费药,报销",60%,100%,是,4024ms
标准问题,如何申请特药理赔？,如何申请特药理赔？,"特药理赔,特效药,靶向药",20%,100%,否,2805ms
标准问题,普通门诊费用是否可以报销？,普通门诊费用是否可以报销？,"普通门诊,门诊费用,能否报销",20%,100%,否,2672ms
标准问题,什么情况下可以申请宁惠保理赔？,什么情况下可以申请宁惠保理赔？,"宁惠保理赔,申请条件,住院费用",20%,100%,是,3296ms
标准问题,这款产品可以重复报销吗？,这款产品可以重复报销吗？,"重复报销,多份无效,只能买一份",0%,100%,否,3206ms
标准问题,南京宁惠保六期有哪些保障和优惠政策？,南京宁惠保六期有哪些保障和优惠政策？,"宁惠保六期保障,宁惠保内容,优惠条款",0%,100%,是,3524ms
标准问题,门诊日间手术包含哪些内容？,门诊日间手术包含哪些内容？,"门诊,报销,理赔",0%,100%,否,3369ms
标准问题,门诊日间手术可以理赔吗？有哪些病种？,门诊日间手术可以理赔吗？有哪些病种？,"日间手术,理赔,病种",80%,100%,是,4911ms
标准问题,狂犬疫苗费用是否可以报销,狂犬疫苗费用是否可以报销,"狂犬疫苗,报销,理赔范围",80%,100%,是,2253ms
标准问题,宁惠保理赔范围包括哪些类型费用？,宁惠保理赔范围包括哪些类型费用？,"宁惠保,理赔范围,保障内容",86%,100%,是,4187ms
标准问题,门特和门诊大病是什么？怎么办理？,门特和门诊大病是什么？怎么办理？,"门特,门诊大病,办理流程",60%,100%,是,4254ms
标准问题,“南京宁惠保”六期不能报销什么病种？,“南京宁惠保”六期不能报销什么病种？,"南京宁惠保,六期,不报销",60%,100%,否,3362ms
标准问题,哪些情况不赔付？除外责任是什么？,哪些情况不赔付？除外责任是什么？,"不赔付,除外责任,免责条款",20%,100%,是,3249ms
标准问题,哪里可以查询医保定点医院？,哪里可以查询医保定点医院？,"医保,定点医院,查询",83%,100%,否,2921ms
标准问题,意外可以赔付吗？,意外可以赔付吗？,"意外,赔付,报销",60%,100%,否,2565ms
标准问题,急诊费用是否可以报销？,急诊费用是否可以报销？,"急诊报销,门诊费用,理赔范围",40%,100%,是,3279ms
标准问题,门诊看病是否可以报销,门诊看病是否可以报销,"门诊看病,报销,门特",100%,100%,是,7892ms
标准问题,什么是责任一、责任二、责任三？各保障什么？,什么是责任一、责任二、责任三？各保障什么？,"责任一,责任二,责任三",50%,100%,是,6422ms
标准问题,甲状腺手术费用是否可以报销,甲状腺手术费用是否可以报销,"甲状腺手术,报销,理赔",60%,100%,是,5618ms
标准问题,那之前门诊拍片子之类的算么？,那之前门诊拍片子之类的算么？,"门诊,免赔额,报销",100%,95%,是,9271ms
标准问题,生孩子的费用能报销吗？,生孩子的费用能报销吗？,"生育费用,生孩子报销,产检费用",0%,100%,否,3828ms
标准问题,双通道门诊用药如何报销,双通道门诊用药如何报销,"双通道,门诊用药,报销",80%,100%,是,9076ms
标准问题,门诊检查费用是否可以报销？,门诊检查费用是否可以报销？,"门诊检查,报销,费用",80%,100%,是,4481ms
标准问题,这款产品免除责任内容在哪里查看？,这款产品免除责任内容在哪里查看？,"免除责任,免责内容,不保什么",20%,100%,是,5800ms
标准问题,宁惠保理赔范围是什么？,宁惠保理赔范围是什么？,"宁惠保,理赔范围,保障范围",100%,100%,是,4089ms
标准问题,种植牙是否可以报销,种植牙是否可以报销,"种植牙,报销范围,赔付内容",60%,100%,否,3053ms
标准问题,宁惠保的理赔范围包括哪些类型费用？,宁惠保的理赔范围包括哪些类型费用？,"宁惠保,理赔范围,报销类型",67%,100%,是,4144ms
标准问题,宁惠保是否包含意外险,宁惠保是否包含意外险,"意外险,主险,附加险",80%,100%,否,3086ms
标准问题,住院手术费用是否可以报销,住院手术费用是否可以报销,"住院手术,门诊大病,门特",60%,100%,是,3481ms
标准问题,住院报销需要哪些材料？,住院报销需要哪些材料？,"住院,报销,材料",100%,100%,是,4214ms
标准问题,这款产品保障范围是什么？,这款产品保障范围是什么？,"保障范围,保什么,覆盖内容",0%,0%,是,3082ms
标准问题,门诊费用是否可以报销？,门诊费用是否可以报销？,"门诊费用,报销,保障内容",80%,100%,是,15495ms
标准问题,南京宁惠保是否覆盖门诊治疗？,南京宁惠保是否覆盖门诊治疗？,"南京宁惠保,门诊治疗,保障范围",100%,100%,是,3719ms
标准问题,中草药费用报销吗？,中草药费用报销吗？,"中草药,费用,报销",80%,100%,是,6571ms
标准问题,其他城市什么时候上线？,其他城市什么时候上线？,"上线时间,城市覆盖,地区开通",0%,100%,否,2554ms
标准问题,当地医保局电话多少？,当地医保局电话多少？,"医保局电话,当地医保咨询,医保热线",0%,100%,否,2614ms
标准问题,如何处理已投保但单位已为其办理团险的情况？,如何处理已投保但单位已为其办理团险的情况？,"团险重复,单位已参保,退款登记",20%,100%,是,3411ms
标准问题,理赔金额是如何计算的？,理赔金额是如何计算的？,"理赔金额,计算方式,医保后赔付",20%,100%,否,3722ms
标准问题,如何申请南京宁惠保医疗理赔？,如何申请南京宁惠保医疗理赔？,"理赔申请,医疗理赔,报销",67%,100%,是,3972ms
标准问题,如有问题，去哪儿咨询？,如有问题，去哪儿咨询？,"咨询,客服,联系方式",80%,100%,是,3591ms
标准问题,人工客服服务时间是多少？,人工客服服务时间是多少？,"客服时间,服务时间,人工服务",20%,100%,是,5029ms
标准问题,人工客服电话是多少？,人工客服电话是多少？,"客服电话,联系电话,人工电话",20%,100%,否,2751ms
标准问题,这是我投保人的电话,这是我投保人的电话,"投保人电话,联系方式,被保险人",0%,0%,否,1724ms
标准问题,你好，请问投保的五期和六期有什么差别,你好，请问投保的五期和六期有什么差别,"投保,五期,六期",60%,6%,是,7894ms
标准问题,如何重复参保南京宁惠保？,如何重复参保南京宁惠保？,"重复参保,再次投保,南京宁惠保",40%,100%,否,2874ms
标准问题,怎么查询别人是购买的是99还是150,怎么查询别人是购买的是99还是150,"查询版本,99元,150元",0%,0%,是,2758ms
标准问题,在哪里查询投保须知？,在哪里查询投保须知？,"投保渠道,购买方式,参保途径",0%,100%,否,2889ms
标准问题,我想取消自动投保,我想取消自动投保,"取消自动投保,退保,关闭续保",0%,100%,否,944ms
标准问题,后投保后多次时间生效,后投保后多次时间生效,多次投保生效规则,0%,4%,否,2664ms
标准问题,还有既往症是不是只能报销百分之30,还有既往症是不是只能报销百分之30,"既往症,赔付比例,报销比例",80%,73%,是,7083ms
标准问题,怎么判断既往症？,怎么判断既往症？,"判断既往症,老毛病定义,已有疾病",33%,100%,是,5690ms
标准问题,既往症怎么认定的,既往症怎么认定的,"既往症认定,老毛病处理,已有疾病",100%,100%,是,6555ms
标准问题,既往症是什么意思,既往症是什么意思,"既往症,老毛病,已有疾病",20%,0%,是,6173ms
标准问题,对于既往症是什么政策啊,对于既往症是什么政策啊,"既往症,老毛病,已有疾病",83%,100%,是,8718ms
标准问题,参保所需证件类型指的是什么,参保所需证件类型指的是什么,"证件类型,身份证,材料",40%,100%,否,2250ms
标准问题,保险人是指什么？,保险人是指什么？,"保险人,承保人,保险公司",60%,100%,否,2705ms
标准问题,投保人、被保险人分别指什么？,投保人、被保险人分别指什么？,"投保人,被保险人,定义",60%,100%,是,5858ms
标准问题,什么是社会基本医疗保险,什么是社会基本医疗保险,"社会基本医疗保险,医保,基本医疗",50%,100%,否,3970ms
标准问题,什么是医保身份？,什么是医保身份？,"医保身份,社保身份,医保参保",40%,100%,是,2876ms
标准问题,什么是社会保险定点医院？,什么是社会保险定点医院？,"定点医院,医保医院,社保医院",20%,100%,是,5311ms
标准问题,什么叫必需且合理的医疗费用？,什么叫必需且合理的医疗费用？,"必需且合理,医疗费用,治疗规范",80%,100%,是,8315ms
标准问题,南京门诊大病指哪些病？,南京门诊大病指哪些病？,"南京门诊大病,病种范围,特殊病种",40%,100%,是,10622ms
标准问题,什么是个人自付和个人自费？,什么是个人自付和个人自费？,"个人自付,个人自费,医保目录内",80%,100%,否,3657ms
标准问题,什么是既往症？既往症包括哪些疾病？,什么是既往症？既往症包括哪些疾病？,"既往症,老毛病,已有疾病",20%,100%,是,5006ms
标准问题,什么是门诊大病？,什么是门诊大病？,"门诊大病,特殊疾病门诊,门特",100%,100%,是,5077ms
标准问题,什么是商业保险？,什么是商业保险？,"商业保险,商业险,非社保",20%,100%,否,2469ms
标准问题,医疗费用发票原件丢失了怎么办？,医疗费用发票原件丢失了怎么办？,"发票丢失,医疗发票丢了,理赔材料缺失",0%,100%,否,2757ms
标准问题,如果是不在医保内的药品，就没有包括在责任二里面？,如果是不在医保内的药品，就没有包括在责任二里面？,"医保外药品,责任二,不包含",80%,44%,是,5268ms
标准问题,阿来替尼是特药吗,阿来替尼是特药吗,"阿来替尼,特药,特效药",80%,9%,是,5718ms
标准问题,老人已经去世了，还有药品的报销。这怎么操作？没办法委托,老人已经去世了，还有药品的报销。这怎么操作？没办法委托,"去世,报销,药品",100%,100%,是,10238ms
标准问题,那个医保外报销的指的就是特药报销？,那个医保外报销的指的就是特药报销？,"医保外,特药,药品报销",100%,74%,是,6731ms
标准问题,能帮我查下格列卫在特药范围内吗？,能帮我查下格列卫在特药范围内吗？,"格列卫,特药,药品范围",100%,100%,是,5861ms
标准问题,特药直送需要什么材料？,特药直送需要什么材料？,"特药直送,购药前,所需材料",60%,100%,是,4163ms
标准问题,报销需要哪些材料？,报销需要哪些材料？,"报销材料,理赔资料,所需文件",0%,100%,是,3840ms
标准问题,理赔需要哪些资料？,理赔需要哪些资料？,"理赔材料,所需资料,报销文件",20%,100%,否,2322ms
标准问题,异地就医需要提供哪些材料？,异地就医需要提供哪些材料？,"异地就医材料,所需资料,医保结算单",0%,100%,是,3895ms
标准问题,没出院就办了直赔，再直赔后出院之前又产生费用呢,没出院就办了直赔，再直赔后出院之前又产生费用呢,"直赔,未出院,后续费用",60%,100%,是,12232ms
标准问题,理赔需要提供哪些资料？,理赔需要提供哪些资料？,"理赔资料,申请材料,报销所需",0%,100%,否,3358ms
标准问题,住院材料需要哪些？,住院材料需要哪些？,"住院,所需材料,出院记录",80%,100%,是,4812ms
标准问题,理赔只需要银行卡号就可以吗？还需要什么？,理赔只需要银行卡号就可以吗？还需要什么？,"理赔材料,银行卡号,身份证",60%,100%,是,3511ms
标准问题,特药事后理赔需要什么材料？,特药事后理赔需要什么材料？,"特药,事后理赔,材料清单",60%,100%,是,3614ms
标准问题,理赔申请需要哪些材料？,理赔申请需要哪些材料？,"理赔材料,所需资料,住院发票",20%,100%,否,2766ms
标准问题,什么是直赔和快赔？有什么区别？,什么是直赔和快赔？有什么区别？,"直赔,快赔,理赔方式",100%,100%,是,5530ms
标准问题,如何进行南京宁惠保的理赔操作？,如何进行南京宁惠保的理赔操作？,"理赔,报销,申请赔款",60%,100%,是,3833ms
标准问题,指定医院有哪些？,指定医院有哪些？,"指定医院,定点医疗机构,可就诊医院",20%,100%,否,2677ms
标准问题,线下理赔网点地址和工作时间是什么？,线下理赔网点地址和工作时间是什么？,"线下理赔,网点地址,工作时间",40%,100%,是,3303ms
标准问题,如何进行理赔？,如何进行理赔？,"理赔,操作,流程",40%,100%,是,3562ms
标准问题,理赔时需要发票原件吗,理赔时需要发票原件吗,"理赔材料,发票原件,电子材料",20%,100%,是,4255ms
标准问题,如何进行理赔申请？,如何进行理赔申请？,"理赔申请,怎么申请,南京宁惠保",40%,100%,是,3458ms
标准问题,理赔原件可以退还吗,理赔原件可以退还吗,"理赔原件,发票退还,分割单",40%,100%,否,3221ms
标准问题,理赔标准是什么？,理赔标准是什么？,"理赔标准,赔付门槛,免赔额",40%,60%,是,8113ms
标准问题,你告诉我达到多少费用就可以理赔吧？,你告诉我达到多少费用就可以理赔吧？,"理赔起付线,免赔额标准",0%,79%,是,12477ms
标准问题,医保报销后个人自付和自费费用如何赔付？,医保报销后个人自付和自费费用如何赔付？,"医保报销后,个人自付,自费费用",40%,100%,是,4606ms
标准问题,今年还支持直赔吗？直赔医院有哪些？,今年还支持直赔吗？直赔医院有哪些？,"直赔,直赔医院,免赔额",20%,100%,否,3442ms
标准问题,理赔申请有哪些方式？哪种方式更方便？,理赔申请有哪些方式？哪种方式更方便？,"理赔方式,申请渠道,线上申请",0%,100%,是,2561ms
标准问题,如何办理宁惠保理赔？,如何办理宁惠保理赔？,"理赔流程,报销材料,住院发票",60%,100%,是,5523ms
标准问题,理赔申请的渠道有哪些,理赔申请的渠道有哪些,"理赔渠道,申请路径,线上平台",40%,100%,是,3243ms
标准问题,没有到医保报销可以直接申请理赔吗？,没有到医保报销可以直接申请理赔吗？,"医保报销,直接理赔,未经医保",20%,100%,是,4198ms
标准问题,异地就医包括哪些人员？,异地就医包括哪些人员？,"异地就医,人员范围,异地安置",60%,100%,是,3959ms
标准问题,南京宁惠保线下理赔地址在哪里？,南京宁惠保线下理赔地址在哪里？,"南京宁惠保,理赔地址,线下办理",40%,100%,是,3131ms
标准问题,宁惠保六期理赔时间是什么时候？,宁惠保六期理赔时间是什么时候？,"理赔时间,通道开启,申请时间",20%,100%,是,3545ms
标准问题,2026年的理赔在快速理赔里查不到怎么办？,2026年的理赔在快速理赔里查不到怎么办？,"理赔,查询不到,快速理赔",20%,0%,否,1209ms
标准问题,参保地变更能赔付吗？,参保地变更能赔付吗？,"变更参保地,赔付,医保中断",20%,100%,是,3874ms
标准问题,请问门诊手术可以理赔吗,请问门诊手术可以理赔吗,"门诊手术,理赔,日间手术",60%,100%,是,9163ms
标准问题,宁惠保的理赔条件是什么？,宁惠保的理赔条件是什么？,"宁惠保,理赔条件,报销条件",50%,100%,是,3539ms
标准问题,传统理赔需要提交哪些材料？,传统理赔需要提交哪些材料？,"理赔材料,住院发票,理赔申请",40%,100%,是,3794ms
标准问题,提交理赔后多久能审核完？,提交理赔后多久能审核完？,"理赔时间,审核周期,处理时长",0%,100%,是,3847ms
标准问题,如何进行线下理赔？,如何进行线下理赔？,"线下理赔,现场办理,材料",80%,100%,是,3914ms
标准问题,异地就医结算单是什么？,异地就医结算单是什么？,"异地就医结算单,结算单据,医保结算",40%,100%,否,2649ms
标准问题,立案需要多长时间？,立案需要多长时间？,"立案时间,理赔进度,结案周期",40%,100%,否,2933ms
标准问题,我理赔资料填写不符吗,我理赔资料填写不符吗,"理赔资料不符,材料错误,填写错误",0%,0%,否,1482ms
标准问题,想请问下理赔的金额？,想请问下理赔的金额？,"理赔金额,赔付比例,报销多少",20%,0%,否,2661ms
标准问题,理赔金额为什么按年度计算而不是按治疗周期？,理赔金额为什么按年度计算而不是按治疗周期？,"年度计算,治疗周期,免赔额累计",40%,100%,是,3800ms
标准问题,有理赔次数限制吗？,有理赔次数限制吗？,"理赔次数限制,赔付次数,报销次数",0%,100%,否,2629ms
标准问题,医保结算单是什么？,医保结算单是什么？,"医保结算单,医保单据,自付金额",20%,100%,否,4506ms
标准问题,出院后。理赔是这样吗？,出院后。理赔是这样吗？,"出院后理赔,理赔流程,申请方式",100%,100%,是,13956ms
标准问题,申请理赔的方式有哪些？哪种方式更方便？,申请理赔的方式有哪些？哪种方式更方便？,"理赔方式,申请赔款,线上申请",0%,100%,是,2723ms
标准问题,如何查询理赔进度？,如何查询理赔进度？,"理赔进度,查询状态,报销进展",20%,100%,是,3982ms
标准问题,线下理赔地址和工作时间是什么？,线下理赔地址和工作时间是什么？,"线下理赔,地址,工作时间",60%,100%,是,3555ms
标准问题,线下理赔地址在哪里？,线下理赔地址在哪里？,线下理赔地址,100%,100%,是,3814ms
标准问题,理赔立案需要多长时间？,理赔立案需要多长时间？,"理赔时效,立案时间,审核周期",0%,100%,否,3046ms
标准问题,身份证件过期后可以申请理赔吗,身份证件过期后可以申请理赔吗,"理赔,证件过期,申请",80%,100%,否,3269ms
标准问题,异地就医是否可以理赔？,异地就医是否可以理赔？,"异地就医,理赔,报销",100%,100%,是,5593ms
标准问题,如何申请宁惠保理赔？,如何申请宁惠保理赔？,"宁惠保理赔,申请,时间",20%,0%,是,6348ms
标准问题,理赔未通过的原因是什么？,理赔未通过的原因是什么？,"理赔失败,未通过原因,审核不通过",0%,0%,否,1023ms
标准问题,怎么办理异地就医备案手续？,怎么办理异地就医备案手续？,"异地就医备案,异地就医手续,备案方式",20%,100%,是,2918ms
标准问题,医院等级在哪里查看？,医院等级在哪里查看？,"医院等级查询,医疗机构等级,医院级别",0%,100%,否,3032ms
标准问题,线下办理理赔指导地址和时间是什么？,线下办理理赔指导地址和时间是什么？,"线下理赔,办理地点,窗口地址",0%,100%,是,4008ms
标准问题,理赔审核需要多长时间？,理赔审核需要多长时间？,"理赔审核,处理时间,快赔",20%,100%,是,3687ms
标准问题,在哪里查询理赔须知？,在哪里查询理赔须知？,"理赔须知,报销说明,申请赔款",40%,100%,否,4247ms
标准问题,理赔申请被驳回的原因是什么？,理赔申请被驳回的原因是什么？,"理赔驳回,申请被拒,自费购药",0%,0%,否,1282ms
标准问题,理赔需要多长时间？,理赔需要多长时间？,"理赔时间,处理时效,多久能赔",0%,100%,是,5448ms
标准问题,如何申请理赔？理赔流程是什么？,如何申请理赔？理赔流程是什么？,"理赔,流程,方式",80%,100%,是,7380ms
标准问题,线下办理理赔的地址和时间是什么？,线下办理理赔的地址和时间是什么？,"线下理赔地址,工作时间",50%,100%,是,3224ms
标准问题,理赔门槛是多少？超过多少费用可以申请理赔？,理赔门槛是多少？超过多少费用可以申请理赔？,"免赔额,门槛费,理赔标准",20%,20%,是,10793ms
标准问题,住院手术需要装起搏器，怎么申请理赔？,住院手术需要装起搏器，怎么申请理赔？,"起搏器,住院理赔,直赔登记",40%,100%,是,4697ms
标准问题,特药理赔怎么申请？,特药理赔怎么申请？,"特药,理赔流程,申请方式",60%,100%,否,2829ms
标准问题,可以为他人进行理赔报案吗？,可以为他人进行理赔报案吗？,"他人理赔,代报案,理赔代办",0%,100%,是,4214ms
标准问题,免赔额不是按年算吗，为什么还有免赔额,免赔额不是按年算吗，为什么还有免赔额,"免赔额定义,免赔额含义,免赔额解释",0%,30%,是,3694ms
标准问题,日间免赔只自费部分吗，我2024年跟明天俩次手术要分两次赔付,日间免赔只自费部分吗，我2024年跟明天俩次手术要分两次赔付,"免赔额,自付部分,日间手术",60%,36%,是,10338ms
标准问题,未达免赔额是什么意思,未达免赔额是什么意思,"免赔额定义,免赔额含义,免赔额解释",33%,96%,是,8834ms
标准问题,请问免赔额是多少,请问免赔额是多少,"免赔额金额,免赔额数额,自付额度",0%,100%,是,9329ms
标准问题,我看保单上有门诊手术免赔额是1000元。,我看保单上有门诊手术免赔额是1000元。,"门诊手术,免赔额,1000元",20%,100%,是,10060ms
标准问题,快赔系统没带出来这一段时间的就诊记录，走的传统通道,快赔系统没带出来这一段时间的就诊记录，走的传统通道,"免赔额,赔付比例,责任一",0%,0%,否,1118ms
标准问题,那个直赔怎么没有报销,那个直赔怎么没有报销,"直赔,没有报销,赔付比例",80%,100%,是,11763ms
标准问题,南京鼓楼医院南部院区住院可以直赔吗？,南京鼓楼医院南部院区住院可以直赔吗？,"南京鼓楼医院,直赔,住院理赔",40%,100%,是,8129ms
标准问题,直赔登记怎么登记,直赔登记怎么登记,"直赔登记,如何登记,南京宁惠保",60%,100%,是,7196ms
标准问题,宁惠保的免赔额是如何计算的？,宁惠保的免赔额是如何计算的？,"免赔额计算,免赔额算方法,免赔额如何算",0%,100%,是,3424ms
标准问题,麻烦把家庭被保人陈玉琴也一并退保,麻烦把家庭被保人陈玉琴也一并退保,"退保,家庭成员,一起退",0%,0%,否,1239ms
标准问题,如何办理退保手续？,如何办理退保手续？,"退保,取消保险,退款流程",20%,100%,是,3051ms
标准问题,如何取消自动续费,如何取消自动续费,"取消自动续费,退保,关闭续保",20%,100%,是,4802ms
标准问题,这款产品的犹豫期有多久？,这款产品的犹豫期有多久？,"犹豫期,冷静期,退保",0%,100%,是,2983ms
标准问题,如何取消自动续保,如何取消自动续保,"取消自动续保,关闭续保,停止续费",20%,100%,是,8202ms
标准问题,取消自动续保这个,取消自动续保这个,"取消自动续保,退保,关闭续保",0%,100%,否,888ms
标准问题,退保的费用是怎么计算的？,退保的费用是怎么计算的？,"退保,退款,费用计算",20%,100%,是,4691ms
标准问题,怎么取消续保功能,怎么取消续保功能,"取消续保,自动续保,关闭续保",20%,100%,是,7090ms
标准问题,请问门诊双通道的药品可以报销吗？,请问门诊双通道的药品可以报销吗？,"门诊双通道,药品报销,特药",100%,22%,是,7837ms
标准问题,门特门诊医保可以报销的,门特门诊医保可以报销的,"门特门诊,医保报销,自动续保",60%,100%,是,9555ms
标准问题,你好我想问下门诊双通道现在也可以报销吗,你好我想问下门诊双通道现在也可以报销吗,"门诊双通道,是否可报销,门诊费用",80%,100%,是,13183ms
标准问题,那我刚才看你们的宣传说门诊看的也可以报，那是什么东西,那我刚才看你们的宣传说门诊看的也可以报，那是什么东西,"门诊,报销范围,宣传内容",60%,100%,是,12638ms
相似问题,我是南京医保，可以给省内医保的家人/外地医保的家人参保吗,我可以用南京医保给外地的家人买保险吗？,"南京医保,家人参保,外地医保",40%,100%,是,4739ms
相似问题,这款产品会停售吗？,这个保险还会继续卖吗？,"停售,停止销售,下架",0%,100%,否,3426ms
相似问题,已经划扣，需要取消，如何操作退费?,钱已经被扣了，怎么退回来？,"退保,取消保险,退款",17%,0%,是,4252ms
相似问题,哪些人群可以参加南京宁惠保？,没交医保的人能参加宁惠保吗？,"参保对象,近亲属,断保用户",40%,100%,是,3632ms
相似问题,怎么查询或下载发票？,怎么获取宁惠保的发票？,"发票,电子发票,下载发票",40%,100%,否,2642ms
相似问题,填写的身份信息会被泄露吗？,填写的个人信息会不会被泄露？,"信息泄露,隐私保护,身份信息",40%,100%,是,3319ms
相似问题,宁惠保的赔付标准是什么？,宁惠保的赔付比例是多少？,"宁惠保,赔付标准,报销比例",50%,100%,是,8057ms
相似问题,开通了自动续保后会从哪些渠道划扣?,开通自动续保后保费从哪里扣？,"自动续保,划扣渠道,支付方式",40%,100%,是,4820ms
相似问题,省外医保人员是否可以参保南京宁惠保？,外地人能买南京宁惠保吗？,"省外医保,参保条件,居住证明",60%,100%,否,3175ms
相似问题,投保后，为什么一直显示出单中？,为什么显示还在出单？,"出单中,状态,审核",0%,0%,否,853ms
相似问题,什么是等待期,买了保险多久才能理赔？,"等待期,观察期,免责期",0%,100%,是,3809ms
相似问题,外籍人士可以投保这款产品吗？,外国人可以买这款保险吗？,"外籍人士,投保资格,外国人参保",20%,100%,否,2385ms
相似问题,什么是免赔额？免赔额是多少？,免赔额多少钱？,"免赔额金额,免赔额数额,自付额度",0%,100%,是,5953ms
相似问题,退休后，可以投保本产品吗？,退休了还能买这个保险吗？,"退休,投保,购买",40%,100%,否,2759ms
相似问题,投保这款产品需要满足什么条件？,这款保险谁能买？,"投保条件,参保要求,购买资格",0%,100%,否,4745ms
相似问题,预留手机号可以修改吗？如何修改？,手机号码可以改吗？,"手机号,修改,预留信息",40%,100%,是,2805ms
相似问题,城市定制型保险/普惠型补充医疗保险是什么？,什么是城市定制型商业保险？,"城市定制型保险,普惠型补充医疗,政府合作",20%,100%,是,3911ms
相似问题,如何查询自己是否已开通自动续保?,怎么查我有没有开自动续保？,"自动续保,查询,是否开通",20%,100%,否,851ms
相似问题,可以变更受益人吗,能不能改一下受益人信息？,"变更受益人,修改受益人,指定受益人",20%,100%,否,2592ms
相似问题,这款产品的领款人是谁？,谁可以领取保险赔款？,"领款人,被保险人,监护人",100%,100%,否,2595ms
相似问题,全家参保有什么额外好处吗？,如果全家一起买保险有什么好处？,"全家参保,家庭共享,多人投保",20%,100%,是,3180ms
相似问题,为什么建议您保留自动续保?,不设置自动续保会怎样？,"自动续保,续保,保障中断",80%,100%,是,4758ms
相似问题,保单到期后，没有出险保费会返还吗？,如果没出险，到期能拿回钱吗？,"保单到期,保费返还,消费型保险",20%,100%,是,4443ms
相似问题,为什么价格这么优惠？,为什么这么便宜？,价格优惠原因,0%,100%,是,6520ms
相似问题,投保后提供纸质保单还是电子保单？,买了保险会收到纸质合同吗？,"电子保单,纸质保单,凭证",20%,100%,否,2884ms
相似问题,这款产品保额是多少？,最多能赔多少钱？,"保额,赔付上限,最高赔付",0%,55%,是,12456ms
相似问题,这款产品生效时间早于投保时间是否合规？,保险什么时候开始生效？,"生效时间,投保时间,合规",0%,50%,否,2939ms
相似问题,这款产品可以续保吗？续保规则是什么？,明年还能继续买吗？,"续保规则,能否续保,每年可否续保",0%,100%,是,5996ms
相似问题,已经购买了其他医疗保障产品，是否还需要购买南京宁惠保？,我已经有商业医疗保险了，还用买宁惠保吗？,"已有医疗保障,是否还需,叠加保障",33%,100%,是,3993ms
相似问题,什么是“南京宁惠保？,宁惠保是什么类型的保险？,"南京宁惠保,是什么,政府指导",40%,100%,是,4817ms
相似问题,这款产品怎么投保？,我要怎么买南京宁惠保？,"怎么参保,投保方式,购买方法",20%,100%,否,2609ms
相似问题,参保有截止日期吗？,南京宁惠保还有多久可以买？,"截止日期,参保时间,什么时候截止",20%,100%,否,3562ms
相似问题,为什么保单上没有保险公司的盖章？,保单上怎么没有印章？,"保单,盖章,公章",60%,100%,是,4216ms
相似问题,续保需要重新填写资料吗？,续保的时候需要重新提交材料吗？,"续保,资料,重新填写",80%,100%,是,3489ms
相似问题,这款产品是哪个保险公司承保的？,宁惠保是哪个保险公司出的？,"承保公司,保险公司,联合承保",20%,100%,否,2946ms
相似问题,如何实现家庭参保共享免赔额，理赔时如何认定为一个家庭？,一家人能共享免赔额吗？,"免赔额共享,家庭免赔额,免赔额合并",0%,100%,否,5042ms
相似问题,暂时不需要自动续保“南京宁惠保六期，如何取消?,怎么关掉南京宁惠保的自动续保？,"取消自动续保,关闭续保服务,宁惠保六期",20%,100%,是,4635ms
相似问题,投保这款产品是否需要健康告知/体检？,买这款保险要体检吗？,"健康告知,体检,是否需要",0%,100%,否,5329ms
相似问题,这款产品和医保的区别？,这款保险和医保有什么不同？,"南京宁惠保,医保区别,医疗补充保险",40%,100%,是,6995ms
相似问题,这款产品什么时候生效？,买了之后多久才管用？,"生效时间,保障开始,什么时候开始",0%,67%,否,3074ms
相似问题,是否可以带病投保？,我已经有病了还能买这个保险吗？,"带病投保,可以买保险吗,已有疾病参保",0%,100%,是,5976ms
相似问题,南京基本医保参保人可以为直系亲属投保宁惠保吗？,我可以给家人买宁惠保吗？,"为亲属投保,直系亲属参保,家庭成员买保险",0%,100%,是,3917ms
相似问题,电子保单什么时候可以查下并下载？,电子保单在哪里可以查到？,"电子保单,下载,查询",100%,100%,是,2929ms
相似问题,有社保和无社保投保有什么区别,没有医保的人能不能买宁惠保？,"有社保和无社保区别,参保条件,是否必须有医保",0%,100%,是,3497ms
相似问题,这款产品有哪些投保渠道？,除了公众号，还有哪些地方可以买宁惠保？,"投保渠道,购买途径,线上投保",20%,100%,否,2268ms
相似问题,购买宁惠保是否还需要购买国家基本医疗保险？,买了宁惠保还需要买医保吗？,"宁惠保,医保,基本医疗保险",60%,100%,是,2696ms
相似问题,宁惠保六期是否支持使用医保个账购买，是否有金额限制，是否支持,可以用医保卡余额买宁惠保吗？,"医保个账,购买,金额限制",80%,100%,否,3003ms
相似问题,这款产品有哪些优待政策吗？,如果我每年都买宁惠保，有优惠吗？,"优待政策,续保优惠,保费减免",100%,100%,是,13415ms
相似问题,申请退保后保费多久到账？,退保之后多久能收到钱？,"退保,退款,保费到账",20%,100%,是,3142ms
相似问题,这款产品可以为他人投保吗？,我可以给我爸妈买这份保险吗？,"为他人投保,给家人买,帮别人参保",20%,100%,是,3970ms
相似问题,已经购买了其他产品，是否还需要购买这款产品？,已经有医保还需要买这个吗？,"重复购买,其他产品,是否需要",17%,100%,是,3939ms
相似问题,非南京户籍人员是否可以购买南京宁惠保？,不是南京户口的人能买宁惠保吗？,"南京宁惠保,非户籍,购买条件",20%,100%,是,3672ms
相似问题,免赔额具体金额是多少？,免赔额多少钱？,"免赔额金额,免赔额数额,自付额度",0%,76%,是,6119ms
相似问题,与去年相比，“南京宁惠保”六期的保障有变化吗？,南京宁惠保六期和五期有什么不一样？,"南京宁惠保,六期,保障变化",60%,100%,是,5481ms
相似问题,这款产品保费是多少？,这款保险一年要交多少？,保费金额,0%,40%,是,3821ms
相似问题,去年参保了，今年继续参保有没有什么优待？,如果去年买了今年继续买，有什么好处？,"连续参保,续保优惠,未出险",80%,100%,是,8379ms
相似问题,家庭成员是否可以共享免赔额？,一家人能共享免赔额吗？,"免赔额共享,家庭免赔额,免赔额合并",0%,100%,否,3255ms
相似问题,哪些人群可以参保南京宁惠保？,哪些人可以买南京宁惠保？,"参保条件,南京宁惠保,医保参保人",40%,100%,否,2991ms
相似问题,这款产品保障多长时间？,这份保险能保几年？,"保障期限,有效期,多长时间",0%,43%,否,3318ms
相似问题,今年还可以用医保个账支付保费吗？,可以用医保卡里的钱交保费吗？,"医保个账,个人账户,医保余额",33%,100%,是,3346ms
相似问题,这款产品的等待期/观察期有多久？,买了保险多久才能理赔？,"等待期,观察期,责任",0%,0%,是,3818ms
相似问题,怎么为家人激活电子医保凭证？,如何给家人开通电子医保卡？,"激活医保凭证,电子医保卡,微信激活",20%,100%,是,4467ms
相似问题,去年已购买了“南京宁惠保”，今年还需要重新购买吗？,去年买了南京宁惠保，今年还要买吗？,"南京宁惠保,是否需要重新购买,一年期产品",60%,100%,是,2909ms
相似问题,这款产品和其他商业险是否有冲突？,买了这个会影响别的保险吗？,"与其他保险冲突,和商业险关系,是否影响其他保险",0%,100%,是,6841ms
相似问题,续保时需要再次告知身体状况吗,续保的时候还要说身体情况吗？,"续保,告知健康状况,身体情况",20%,100%,否,2378ms
相似问题,家庭成员如何共享免赔额？需要提供哪些证明材料？,一家人能共享免赔额吗？,"免赔额共享,家庭免赔额,免赔额合并",0%,100%,否,3369ms
相似问题,在哪里查询这款产品的条款？,这款保险具体保什么？,"保险条款,保障内容,合同",0%,100%,是,3520ms
相似问题,这款产品的赔付比例是多少？,这款保险能报多少？,"赔付比例,报销比例,免赔额",0%,3%,是,3553ms
相似问题,是多次住院累计报销额超过多少可以报销,多次住院的免赔额是累计的吗？,"多次住院,累计免赔额,报销门槛",0%,100%,是,8888ms
相似问题,现在住院自费太高，自费加起来2万才报吗,住院花了很多钱，怎么才赔这么点？,"住院自费,年度累计",0%,68%,是,11204ms
相似问题,谁没事整天住院？,是不是经常住院才买这个保险？,"住院频率,住院次数,住院问题",20%,0%,是,9172ms
相似问题,住院总费用1.3万，自费4千,住院花了1.3万，自己要付多少？,"住院费用自费,赔付比例",100%,41%,是,9835ms
相似问题,可以延期么？我父母在南京住院现在已经回老家了，办理文件不方便,我爸妈回老家了，理赔材料来不及怎么办？,"延期,住院文件,办理不便",20%,0%,是,6832ms
相似问题,25年12月住院，26年1月1号出院，怎么在查询时看不到25,25年12月住院，26年1月出院，能报哪一年的保险？,"跨年住院,报销,入院时间",40%,100%,是,7574ms
相似问题,如何咨询关于南京宁惠保的参保问题？,想了解宁惠保怎么买，该找谁？,"咨询参保,购买问题,投保疑问",0%,100%,否,3284ms
相似问题,能查到我的保单么,我的保险合同可以在线查到吗？,"保单,查询,查看",20%,0%,否,1077ms
相似问题,在哪里查询或下载我的保单？,如何下载我的电子保单？,"下载,保单,电子凭证",0%,100%,否,717ms
相似问题,这个自动续保我都不知道怎么就自动续保了？能取消订单吗,我不想继续买了，怎么关掉自动续保？,"自动续保,取消订单,退保",0%,100%,否,2711ms
相似问题,保单号可以空着吗,申请理赔时没有保单号怎么办？,"保单号,填写要求,是否必填",60%,0%,是,6096ms
相似问题,哪里可以查看我的保单,怎么查我的保险单？,"保单,查看,凭证",0%,100%,否,1013ms
相似问题,宁惠保电子保单怎么下载？,怎么查宁惠保的电子保单？,"宁惠保,电子保单,下载",43%,100%,是,3158ms
相似问题,宁惠保是否可以报销住院费用？,宁惠保住院费用能报多少？,宁惠保住院报销,0%,100%,是,4289ms
相似问题,痔疮手术是否可以理赔,做痔疮手术能报销吗？,"痔疮手术,理赔,日间手术",100%,100%,是,3449ms
相似问题,哪些疾病可以理赔？,哪些病可以申请赔付？,"理赔,疾病,报销",17%,100%,是,4187ms
相似问题,门诊手术是否可以报销,门诊做个小手术能报销吗？,"门诊手术,报销条件,日间手术",60%,100%,是,4924ms
相似问题,脑梗、脑出血可以报销吗？,脑梗住院能报销吗？,"脑梗,脑出血,住院报销",40%,100%,是,5044ms
相似问题,国外的住院医疗费用本产品可以理赔吗？,在国外住院能不能报销？,"国外,住院费用,理赔",17%,100%,否,2950ms
相似问题,去年投保了，今年投保，去年确认恶性肿瘤，算既往症吗？,去年确诊癌症，今年还能正常理赔吗？,"既往症,老毛病,恶性肿瘤",60%,100%,否,2998ms
相似问题,基因检测费用是否可以报销？,做基因检测能不能报保险？,"基因检测,费用报销,住院清单",40%,100%,是,3130ms
相似问题,本产品既往症具体有哪些？,哪些老毛病不能保？,"既往症有哪些,老毛病范围,已有疾病",0%,100%,是,4406ms
相似问题,手术费用是否可以理赔,做手术的费用可以申请赔款吗？,手术费理赔,100%,100%,是,3870ms
相似问题,宁惠保理赔中哪些情况符合药房购药的理赔条件？,在药店买药能用宁惠保报销吗？,"宁惠保,药房购药,理赔条件",71%,100%,是,7457ms
相似问题,住院费用是否可以报销？如何申请？,住院的费用能申请赔付吗？怎么操作？,"住院费用,是否可以报销,理赔流程",40%,100%,是,4760ms
相似问题,进口药、自费药可以报销吗,进口的药能报吗？,"进口药,自费药,报销",60%,100%,是,3969ms
相似问题,如何申请特药理赔？,怎么申请南京宁惠保的特药理赔？,"特药理赔,特效药,靶向药",40%,100%,否,3337ms
相似问题,普通门诊费用是否可以报销？,普通门诊能报销吗？,"普通门诊,门诊费用,能否报销",20%,100%,否,2095ms
相似问题,什么情况下可以申请宁惠保理赔？,宁惠保什么时候可以报销？,"宁惠保理赔,申请条件,住院费用",40%,100%,是,3904ms
相似问题,这款产品可以重复报销吗？,能不能买两份一起用？,"重复报销,多份无效,只能买一份",0%,100%,否,2616ms
相似问题,南京宁惠保六期有哪些保障和优惠政策？,宁惠保六期都保哪些东西？,"宁惠保六期保障,宁惠保内容,优惠条款",0%,100%,是,2949ms
相似问题,门诊日间手术包含哪些内容？,门诊看病能报保险吗？,"门诊,报销,理赔",80%,100%,是,5252ms
相似问题,门诊日间手术可以理赔吗？有哪些病种？,哪些门诊日间手术可以理赔？,"日间手术,理赔,病种",80%,100%,是,7730ms
相似问题,狂犬疫苗费用是否可以报销,打狂犬疫苗的钱能报吗？,"狂犬疫苗,报销,理赔范围",80%,100%,是,2773ms
相似问题,宁惠保理赔范围包括哪些类型费用？,宁惠保保什么类型的费用？,"宁惠保,理赔范围,保障内容",86%,100%,是,3014ms
相似问题,门特和门诊大病是什么？怎么办理？,什么是门特门诊？怎么申请？,"门特,门诊大病,办理流程",60%,100%,是,3005ms
相似问题,“南京宁惠保”六期不能报销什么病种？,南京宁惠保六期哪些疾病不能报销？,"南京宁惠保,六期,不报销",60%,100%,否,4237ms
相似问题,哪些情况不赔付？除外责任是什么？,哪些情况不能理赔？,"不赔付,除外责任,免责条款",20%,100%,是,5378ms
相似问题,哪里可以查询医保定点医院？,怎么查医保指定的医院？,"医保,定点医院,查询",83%,100%,否,2875ms
相似问题,意外可以赔付吗？,如果发生意外能报销吗？,"意外,赔付,报销",60%,100%,否,2888ms
相似问题,急诊费用是否可以报销？,急诊看病能报吗？,"急诊报销,门诊费用,理赔范围",40%,100%,是,3137ms
相似问题,门诊看病是否可以报销,门诊看病能报销多少？,"门诊看病,报销,门特",80%,100%,是,3606ms
相似问题,什么是责任一、责任二、责任三？各保障什么？,宁惠保都保哪些项目？,"责任一,责任二,责任三",0%,0%,是,3408ms
相似问题,甲状腺手术费用是否可以报销,做了甲状腺手术能报保险吗？,"甲状腺手术,报销,理赔",60%,100%,是,4744ms
相似问题,那之前门诊拍片子之类的算么？,之前在门诊拍片子能不能报？,"门诊,免赔额,报销",100%,100%,是,12583ms
相似问题,生孩子的费用能报销吗？,生宝宝的费用可以报销吗？,"生育费用,生孩子报销,产检费用",0%,100%,否,2672ms
相似问题,双通道门诊用药如何报销,双通道门诊的药品能报销吗？,"双通道,门诊用药,报销",60%,100%,是,5544ms
相似问题,门诊检查费用是否可以报销？,门诊检查的费用能报销吗？,"门诊检查,报销,费用",80%,100%,是,3817ms
相似问题,这款产品免除责任内容在哪里查看？,这款保险哪些情况不赔？,"免除责任,免责内容,不保什么",20%,100%,是,5915ms
相似问题,宁惠保理赔范围是什么？,宁惠保都保哪些门诊和住院项目？,"宁惠保,理赔范围,保障范围",43%,100%,是,3171ms
相似问题,种植牙是否可以报销,种牙能报保险吗？,"种植牙,报销范围,赔付内容",60%,100%,否,3242ms
相似问题,宁惠保的理赔范围包括哪些类型费用？,宁惠保能报销哪些类型的费用？,"宁惠保,理赔范围,报销类型",67%,100%,是,3929ms
相似问题,宁惠保是否包含意外险,宁惠保有没有意外保障？,"意外险,主险,附加险",80%,100%,否,3392ms
相似问题,住院手术费用是否可以报销,做手术的费用能报吗？,"住院手术,门诊大病,门特",60%,100%,是,3585ms
相似问题,住院报销需要哪些材料？,住院理赔需要准备哪些资料？,"住院,报销,材料",80%,100%,是,5652ms
相似问题,这款产品保障范围是什么？,这个保险都保哪些项目？,"保障范围,保什么,覆盖内容",0%,0%,是,2703ms
相似问题,门诊费用是否可以报销？,门诊费用有哪些是可以报的？,"门诊费用,报销,保障内容",100%,100%,是,11416ms
相似问题,南京宁惠保是否覆盖门诊治疗？,南京宁惠保有没有门诊的报销？,"南京宁惠保,门诊治疗,保障范围",100%,100%,是,2840ms
相似问题,中草药费用报销吗？,中草药的费用可以报销吗？,"中草药,费用,报销",80%,100%,是,5284ms
相似问题,其他城市什么时候上线？,我们这边什么时候会上线这个保险？,"上线时间,城市覆盖,地区开通",0%,100%,否,3006ms
相似问题,当地医保局电话多少？,请问本地医保局的联系电话是多少？,"医保局电话,当地医保咨询,医保热线",0%,100%,否,2846ms
相似问题,如何处理已投保但单位已为其办理团险的情况？,单位已经给我买了保险，我之前自己买的怎么办？,"团险重复,单位已参保,退款登记",20%,100%,是,2804ms
相似问题,理赔金额是如何计算的？,理赔能赔多少钱？,"理赔金额,计算方式,医保后赔付",0%,100%,是,9522ms
相似问题,如何申请南京宁惠保医疗理赔？,我要怎么申请南京宁惠保的医疗赔付？,"理赔申请,医疗理赔,报销",67%,100%,是,4399ms
相似问题,如有问题，去哪儿咨询？,有问题可以找谁帮忙？,"咨询,客服,联系方式",40%,100%,否,1959ms
相似问题,人工客服服务时间是多少？,你们几点下班？,"客服时间,服务时间,人工服务",20%,100%,是,5249ms
相似问题,人工客服电话是多少？,打哪个电话找客服？,"客服电话,联系电话,人工电话",0%,100%,否,2653ms
相似问题,这是我投保人的电话,投保人的手机号码是哪个？,"投保人电话,联系方式,被保险人",0%,0%,否,1088ms
相似问题,你好，请问投保的五期和六期有什么差别,请问基础版和升级版有什么不同？,"投保,五期,六期",60%,91%,是,15304ms
相似问题,如何重复参保南京宁惠保？,能不能重复买南京宁惠保？,"重复参保,再次投保,南京宁惠保",40%,100%,否,3168ms
相似问题,怎么查询别人是购买的是99还是150,别人买的宁惠保是99还是150？,"查询版本,99元,150元",40%,0%,否,2610ms
相似问题,在哪里查询投保须知？,在哪买宁惠保？,"投保渠道,购买方式,参保途径",0%,100%,否,2600ms
相似问题,我想取消自动投保,怎么取消自动续保？,"取消自动投保,退保,关闭续保",20%,100%,是,5887ms
相似问题,后投保后多次时间生效,投保后免赔额怎么算？,多次投保生效规则,0%,29%,是,3519ms
相似问题,还有既往症是不是只能报销百分之30,有旧病的话能报多少？,"既往症,赔付比例,报销比例",60%,100%,是,10623ms
相似问题,怎么判断既往症？,怎么知道我是不是属于既往症？,"判断既往症,老毛病定义,已有疾病",50%,100%,是,8206ms
相似问题,既往症怎么认定的,之前有病会影响理赔吗？,"既往症认定,老毛病处理,已有疾病",0%,100%,是,6739ms
相似问题,既往症是什么意思,什么是既往症？,"既往症,老毛病,已有疾病",20%,0%,是,3924ms
相似问题,对于既往症是什么政策啊,有旧病还能不能理赔？,"既往症,老毛病,已有疾病",33%,43%,是,6954ms
相似问题,参保所需证件类型指的是什么,买保险需要带什么证件？,"证件类型,身份证,材料",40%,100%,否,2322ms
相似问题,保险人是指什么？,什么是保险公司的角色？,"保险人,承保人,保险公司",60%,100%,否,2467ms
相似问题,投保人、被保险人分别指什么？,投保人和被保人有什么区别？,"投保人,被保险人,定义",60%,100%,是,5511ms
相似问题,什么是社会基本医疗保险,什么是国家规定的基本医保？,"社会基本医疗保险,医保,基本医疗",50%,100%,否,2742ms
相似问题,什么是医保身份？,什么是医保的参保身份？,"医保身份,社保身份,医保参保",40%,100%,是,3300ms
相似问题,什么是社会保险定点医院？,哪些医院是医保定点的？,"定点医院,医保医院,社保医院",20%,100%,否,2916ms
相似问题,什么叫必需且合理的医疗费用？,什么是必须的医疗费用？,"必需且合理,医疗费用,治疗规范",80%,100%,是,7287ms
相似问题,南京门诊大病指哪些病？,南京门诊大病包括哪些病？,"南京门诊大病,病种范围,特殊病种",80%,100%,是,6079ms
相似问题,什么是个人自付和个人自费？,医保报销后自己还要付钱吗？,"个人自付,个人自费,医保目录内",0%,100%,是,4205ms
相似问题,什么是既往症？既往症包括哪些疾病？,既往症具体指哪些情况？,"既往症,老毛病,已有疾病",20%,100%,是,5591ms
相似问题,什么是门诊大病？,门诊大病是什么意思？,"门诊大病,特殊疾病门诊,门特",33%,100%,是,3819ms
相似问题,什么是商业保险？,商业保险和社保有什么区别？,"商业保险,商业险,非社保",60%,100%,是,4090ms
相似问题,医疗费用发票原件丢失了怎么办？,医疗发票弄丢了怎么办？,"发票丢失,医疗发票丢了,理赔材料缺失",0%,100%,否,3045ms
相似问题,如果是不在医保内的药品，就没有包括在责任二里面？,医保范围外的药有没有报销？,"医保外药品,责任二,不包含",20%,44%,是,6148ms
相似问题,阿来替尼是特药吗,阿来替尼属于特药吗？,"阿来替尼,特药,特效药",80%,9%,是,3302ms
相似问题,老人已经去世了，还有药品的报销。这怎么操作？没办法委托,被保险人过世了，还能不能报药费？,"去世,报销,药品",80%,100%,是,6208ms
相似问题,那个医保外报销的指的就是特药报销？,医保范围外的药能报销吗？,"医保外,特药,药品报销",60%,74%,是,8750ms
相似问题,能帮我查下格列卫在特药范围内吗？,格列卫在你们的特药保障里吗？,"格列卫,特药,药品范围",80%,100%,是,6907ms
相似问题,特药直送需要什么材料？,还没买特药，想申请直送需要哪些材料？,"特药直送,购药前,所需材料",60%,100%,是,3211ms
相似问题,报销需要哪些材料？,申请理赔要准备哪些东西？,"报销材料,理赔资料,所需文件",0%,100%,否,2978ms
相似问题,理赔需要哪些资料？,申请理赔需要准备哪些东西？,"理赔材料,所需资料,报销文件",20%,100%,否,2505ms
相似问题,异地就医需要提供哪些材料？,异地看病需要准备哪些文件？,"异地就医材料,所需资料,医保结算单",0%,100%,是,6757ms
相似问题,没出院就办了直赔，再直赔后出院之前又产生费用呢,没出医院就用了直赔，之后又花了钱怎么办？,"直赔,未出院,后续费用",20%,100%,是,7930ms
相似问题,理赔需要提供哪些资料？,我要怎么准备理赔所需的资料？,"理赔资料,申请材料,报销所需",0%,100%,否,2972ms
相似问题,住院材料需要哪些？,住院报销需要提供哪些文件？,"住院,所需材料,出院记录",100%,100%,是,3594ms
相似问题,理赔只需要银行卡号就可以吗？还需要什么？,申请赔款需要哪些资料？,"理赔材料,银行卡号,身份证",0%,100%,否,3121ms
相似问题,特药事后理赔需要什么材料？,买了特药后要理赔需要准备哪些资料？,"特药,事后理赔,材料清单",60%,100%,是,3272ms
相似问题,理赔申请需要哪些材料？,申请理赔要准备什么文件？,"理赔材料,所需资料,住院发票",20%,100%,否,2842ms
相似问题,什么是直赔和快赔？有什么区别？,宁惠保可以直接在医院赔吗？,"直赔,快赔,理赔方式",60%,100%,是,4088ms
相似问题,如何进行南京宁惠保的理赔操作？,怎么申请南京宁惠保的理赔？,"理赔,报销,申请赔款",60%,100%,是,5758ms
相似问题,指定医院有哪些？,哪些医院可以用这个保险？,"指定医院,定点医疗机构,可就诊医院",20%,100%,是,6982ms
相似问题,线下理赔网点地址和工作时间是什么？,线下理赔的网点有哪些？,"线下理赔,网点地址,工作时间",40%,100%,是,5302ms
相似问题,如何进行理赔？,南京宁惠保怎么进行理赔？,"理赔,操作,流程",60%,100%,是,4517ms
相似问题,理赔时需要发票原件吗,理赔需要发票吗？,"理赔材料,发票原件,电子材料",20%,100%,是,3582ms
相似问题,如何进行理赔申请？,我该怎么申请南京宁惠保的理赔？,"理赔申请,怎么申请,南京宁惠保",40%,100%,是,5846ms
相似问题,理赔原件可以退还吗,理赔之后发票还能要回来吗？,"理赔原件,发票退还,分割单",40%,100%,否,2979ms
相似问题,理赔标准是什么？,理赔要多少钱才能赔？,"理赔标准,赔付门槛,免赔额",20%,20%,是,8740ms
相似问题,你告诉我达到多少费用就可以理赔吧？,达到多少钱才能开始理赔？,"理赔起付线,免赔额标准",0%,75%,是,7048ms
相似问题,医保报销后个人自付和自费费用如何赔付？,医保报销完还能报这部分钱吗？,"医保报销后,个人自付,自费费用",40%,100%,是,5040ms
相似问题,今年还支持直赔吗？直赔医院有哪些？,今年还能直接赔付吗？哪些医院支持？,"直赔,直赔医院,免赔额",20%,100%,是,5282ms
相似问题,理赔申请有哪些方式？哪种方式更方便？,怎么申请理赔？有哪些方法？,"理赔方式,申请渠道,线上申请",0%,100%,是,6859ms
相似问题,如何办理宁惠保理赔？,怎么申请宁惠保的赔款？,"理赔流程,报销材料,住院发票",0%,100%,是,6922ms
相似问题,理赔申请的渠道有哪些,哪里可以申请理赔？,"理赔渠道,申请路径,线上平台",40%,100%,是,3317ms
相似问题,没有到医保报销可以直接申请理赔吗？,没有走医保可以直接找保险公司理赔吗？,"医保报销,直接理赔,未经医保",20%,100%,是,3603ms
相似问题,异地就医包括哪些人员？,哪些人可以算作异地就医人员？,"异地就医,人员范围,异地安置",60%,100%,是,2848ms
相似问题,南京宁惠保线下理赔地址在哪里？,南京宁惠保哪里可以现场申请赔款？,"南京宁惠保,理赔地址,线下办理",40%,100%,是,3324ms
相似问题,宁惠保六期理赔时间是什么时候？,什么时候可以开始申请理赔？,"理赔时间,通道开启,申请时间",20%,100%,是,3471ms
相似问题,2026年的理赔在快速理赔里查不到怎么办？,为什么2026年的理赔在快速理赔里查不到？,"理赔,查询不到,快速理赔",20%,0%,否,1408ms
相似问题,参保地变更能赔付吗？,换了城市参保会影响理赔吗？,"变更参保地,赔付,医保中断",20%,100%,是,3139ms
相似问题,请问门诊手术可以理赔吗,门诊做个小手术能理赔吗？,"门诊手术,理赔,日间手术",60%,100%,是,7395ms
相似问题,宁惠保的理赔条件是什么？,宁惠保什么情况可以申请理赔？,"宁惠保,理赔条件,报销条件",33%,100%,是,3229ms
相似问题,传统理赔需要提交哪些材料？,传统理赔要准备什么材料？,"理赔材料,住院发票,理赔申请",40%,100%,是,3855ms
相似问题,提交理赔后多久能审核完？,提交理赔后要等多久？,"理赔时间,审核周期,处理时长",0%,100%,是,3352ms
相似问题,如何进行线下理赔？,南京宁惠保能去线下申请理赔吗？,"线下理赔,现场办理,材料",60%,100%,是,3653ms
相似问题,异地就医结算单是什么？,异地就医后需要开什么单子？,"异地就医结算单,结算单据,医保结算",60%,100%,是,6681ms
相似问题,立案需要多长时间？,理赔多久能处理完？,"立案时间,理赔进度,结案周期",40%,100%,是,3585ms
相似问题,我理赔资料填写不符吗,我的理赔资料填错了怎么办？,"理赔资料不符,材料错误,填写错误",0%,0%,否,1245ms
相似问题,想请问下理赔的金额？,理赔最多能赔多少钱？,"理赔金额,赔付比例,报销多少",20%,93%,是,8459ms
相似问题,理赔金额为什么按年度计算而不是按治疗周期？,理赔金额是按年算还是按次算？,"年度计算,治疗周期,免赔额累计",40%,100%,是,3739ms
相似问题,有理赔次数限制吗？,这个保险最多能赔多少次？,"理赔次数限制,赔付次数,报销次数",40%,100%,是,10214ms
相似问题,医保结算单是什么？,医保结算单是啥？,"医保结算单,医保单据,自付金额",20%,100%,否,3002ms
相似问题,出院后。理赔是这样吗？,出院之后怎么申请理赔？,"出院后理赔,理赔流程,申请方式",60%,100%,是,12966ms
相似问题,申请理赔的方式有哪些？哪种方式更方便？,怎么申请理赔比较方便？,"理赔方式,申请赔款,线上申请",0%,100%,是,2800ms
相似问题,如何查询理赔进度？,我的理赔申请处理到哪一步了？,"理赔进度,查询状态,报销进展",0%,100%,否,1389ms
相似问题,线下理赔地址和工作时间是什么？,线下理赔的具体地址是什么？,"线下理赔,地址,工作时间",60%,100%,是,3769ms
相似问题,线下理赔地址在哪里？,线下理赔窗口设在哪儿？,线下理赔地址,100%,100%,是,3100ms
相似问题,理赔立案需要多长时间？,理赔多久能处理完？,"理赔时效,立案时间,审核周期",40%,100%,是,2305ms
相似问题,身份证件过期后可以申请理赔吗,身份证过期了还能不能报销？,"理赔,证件过期,申请",60%,100%,否,2308ms
相似问题,异地就医是否可以理赔？,在外地看病可以申请赔付吗？,"异地就医,理赔,报销",100%,100%,是,4512ms
相似问题,如何申请宁惠保理赔？,宁惠保六期什么时候能申请理赔？,"宁惠保理赔,申请,时间",40%,33%,是,3816ms
相似问题,理赔未通过的原因是什么？,为什么我的理赔没通过？,"理赔失败,未通过原因,审核不通过",0%,0%,否,1231ms
相似问题,怎么办理异地就医备案手续？,我要去外地看病，怎么提前备案？,"异地就医备案,异地就医手续,备案方式",20%,100%,是,3789ms
相似问题,医院等级在哪里查看？,怎么查这家医院是什么级别的？,"医院等级查询,医疗机构等级,医院级别",0%,100%,否,2959ms
相似问题,线下办理理赔指导地址和时间是什么？,哪里可以线下办理理赔？,"线下理赔,办理地点,窗口地址",20%,100%,是,3955ms
相似问题,理赔审核需要多长时间？,提交理赔多久能有结果？,"理赔审核,处理时间,快赔",40%,100%,是,4034ms
相似问题,在哪里查询理赔须知？,理赔需要什么资料？,"理赔须知,报销说明,申请赔款",40%,100%,否,3288ms
相似问题,理赔申请被驳回的原因是什么？,为什么我的理赔申请没通过？,"理赔驳回,申请被拒,自费购药",0%,0%,否,1094ms
相似问题,理赔需要多长时间？,提交理赔后多久能拿到钱？,"理赔时间,处理时效,多久能赔",0%,100%,是,4591ms
相似问题,如何申请理赔？理赔流程是什么？,宁惠保理赔有几种方式？分别怎么操作？,"理赔,流程,方式",80%,100%,是,6413ms
相似问题,线下办理理赔的地址和时间是什么？,去哪办线下理赔？,"线下理赔地址,工作时间",100%,100%,是,3122ms
相似问题,理赔门槛是多少？超过多少费用可以申请理赔？,理赔要多少钱才能报？,"免赔额,门槛费,理赔标准",20%,40%,是,6359ms
相似问题,住院手术需要装起搏器，怎么申请理赔？,装心脏起搏器怎么报销？,"起搏器,住院理赔,直赔登记",40%,100%,是,3377ms
相似问题,特药理赔怎么申请？,怎么申请特药的理赔？,"特药,理赔流程,申请方式",60%,100%,否,2835ms
相似问题,可以为他人进行理赔报案吗？,我可以帮家人办理理赔吗？,"他人理赔,代报案,理赔代办",0%,100%,是,2961ms
相似问题,免赔额不是按年算吗，为什么还有免赔额,什么是免赔额？,"免赔额定义,免赔额含义,免赔额解释",0%,81%,是,9177ms
相似问题,日间免赔只自费部分吗，我2024年跟明天俩次手术要分两次赔付,日间手术的免赔额怎么算？,"免赔额,自付部分,日间手术",80%,54%,是,7145ms
相似问题,未达免赔额是什么意思,什么是免赔额？,"免赔额定义,免赔额含义,免赔额解释",0%,96%,是,10556ms
相似问题,请问免赔额是多少,免赔额多少钱？,"免赔额金额,免赔额数额,自付额度",0%,100%,是,5984ms
相似问题,我看保单上有门诊手术免赔额是1000元。,门诊手术的免赔额是多少？,"门诊手术,免赔额,1000元",80%,100%,是,5791ms
相似问题,快赔系统没带出来这一段时间的就诊记录，走的传统通道,我的免赔额是多少？超过部分怎么赔？,"免赔额,赔付比例,责任一",43%,74%,是,8418ms
相似问题,那个直赔怎么没有报销,为什么直付没看到赔款？,"直赔,没有报销,赔付比例",60%,100%,是,7193ms
相似问题,南京鼓楼医院南部院区住院可以直赔吗？,在鼓楼医院住院可以直接理赔吗？,"南京鼓楼医院,直赔,住院理赔",40%,100%,是,5320ms
相似问题,直赔登记怎么登记,怎么办理直赔登记？,"直赔登记,如何登记,南京宁惠保",60%,100%,是,7875ms
相似问题,宁惠保的免赔额是如何计算的？,免赔额怎么算？,"免赔额计算,免赔额算方法,免赔额如何算",0%,100%,是,4111ms
相似问题,麻烦把家庭被保人陈玉琴也一并退保,怎么把家人的保单也一并退掉？,"退保,家庭成员,一起退",20%,0%,是,3453ms
相似问题,如何办理退保手续？,怎么退掉这个保险？,"退保,取消保险,退款流程",20%,100%,是,3355ms
相似问题,如何取消自动续费,怎么关掉自动续费？,"取消自动续费,退保,关闭续保",20%,100%,是,5405ms
相似问题,这款产品的犹豫期有多久？,买了保险后可以反悔吗？,"犹豫期,冷静期,退保",40%,100%,否,2108ms
相似问题,如何取消自动续保,怎么不让保险自动续费？,"取消自动续保,关闭续保,停止续费",20%,100%,是,6801ms
相似问题,取消自动续保这个,怎么取消自动续保功能？,"取消自动续保,退保,关闭续保",20%,100%,是,5351ms
相似问题,退保的费用是怎么计算的？,退保能拿回多少钱？,"退保,退款,费用计算",20%,100%,是,3627ms
相似问题,怎么取消续保功能,怎么关掉自动续保？,"取消续保,自动续保,关闭续保",20%,100%,是,5823ms
相似问题,请问门诊双通道的药品可以报销吗？,门诊用的特效药能报销吗？,"门诊双通道,药品报销,特药",40%,26%,是,10950ms
相似问题,门特门诊医保可以报销的,门特门诊的费用怎么报销？,"门特门诊,医保报销,自动续保",60%,100%,是,9867ms
相似问题,你好我想问下门诊双通道现在也可以报销吗,门诊的特药现在能报吗？,"门诊双通道,是否可报销,门诊费用",20%,30%,是,6918ms
相似问题,那我刚才看你们的宣传说门诊看的也可以报，那是什么东西,你们说门诊也能报，具体怎么算？,"门诊,报销范围,宣传内容",100%,100%,是,14516ms
合成问题,我是南京医保，可以给省内医保的家人/外地医保的家人参保吗 +,我是南京医保，可以给省内医保的家人/外地医保的家人参保吗，另,"南京医保,家人参保,停售",25%,0%,是,4053ms
合成问题,这款产品会停售吗？ + 已经划扣，需要取消，如何操作退费?,这款产品会停售吗，另外已经划扣，需要取消，如何操作退费,"停售,停止销售,退保",50%,0%,是,7217ms
合成问题,已经划扣，需要取消，如何操作退费? + 哪些人群可以参加南京,已经划扣，需要取消，如何操作退费，另外哪些人群可以参加南京宁,"退保,取消保险,参保对象",25%,0%,是,9244ms
合成问题,哪些人群可以参加南京宁惠保？ + 怎么查询或下载发票？,哪些人群可以参加南京宁惠保，另外怎么查询或下载发票,"参保对象,近亲属,发票",50%,100%,是,7454ms
合成问题,怎么查询或下载发票？ + 填写的身份信息会被泄露吗？,怎么查询或下载发票，另外填写的身份信息会被泄露吗,"发票,电子发票,信息泄露",50%,100%,是,5098ms
合成问题,填写的身份信息会被泄露吗？ + 宁惠保的赔付标准是什么？,填写的身份信息会被泄露吗，另外宁惠保的赔付标准是什么,"信息泄露,隐私保护,宁惠保",50%,100%,是,13950ms
合成问题,宁惠保的赔付标准是什么？ + 开通了自动续保后会从哪些渠道划,宁惠保的赔付标准是什么，另外开通了自动续保后会从哪些渠道划扣,"宁惠保,赔付标准,自动续保",100%,100%,是,13278ms
合成问题,开通了自动续保后会从哪些渠道划扣? + 省外医保人员是否可以,开通了自动续保后会从哪些渠道划扣，另外省外医保人员是否可以参,"自动续保,划扣渠道,省外医保",50%,100%,是,5421ms
合成问题,省外医保人员是否可以参保南京宁惠保？ + 投保后，为什么一直,省外医保人员是否可以参保南京宁惠保，另外投保后，为什么一直显,"省外医保,参保条件,出单中",0%,0%,否,1838ms
合成问题,投保后，为什么一直显示出单中？ + 什么是等待期,投保后，为什么一直显示出单中，另外什么是等待期,"出单中,状态,等待期",75%,25%,是,7926ms
合成问题,什么是等待期 + 外籍人士可以投保这款产品吗？,什么是等待期，另外外籍人士可以投保这款产品吗,"等待期,观察期,外籍人士",50%,100%,是,4245ms
合成问题,外籍人士可以投保这款产品吗？ + 什么是免赔额？免赔额是多少,外籍人士可以投保这款产品吗，另外什么是免赔额免赔额是多少,"外籍人士,投保资格,免赔额金额",50%,100%,是,9124ms
合成问题,什么是免赔额？免赔额是多少？ + 退休后，可以投保本产品吗？,什么是免赔额免赔额是多少，另外退休后，可以投保本产品吗,"免赔额金额,免赔额数额,退休",50%,100%,是,9148ms
合成问题,退休后，可以投保本产品吗？ + 投保这款产品需要满足什么条件,退休后，可以投保本产品吗，另外投保这款产品需要满足什么条件,"退休,投保,投保条件",75%,100%,是,5375ms
合成问题,投保这款产品需要满足什么条件？ + 预留手机号可以修改吗？如,投保这款产品需要满足什么条件，另外预留手机号可以修改吗如何修,"投保条件,参保要求,手机号",75%,100%,是,6325ms
合成问题,预留手机号可以修改吗？如何修改？ + 城市定制型保险/普惠型,预留手机号可以修改吗如何修改，另外城市定制型保险/普惠型补充,"手机号,修改,城市定制型保险",75%,100%,是,4745ms
合成问题,城市定制型保险/普惠型补充医疗保险是什么？ + 如何查询自己,城市定制型保险/普惠型补充医疗保险是什么，另外如何查询自己是,"城市定制型保险,普惠型补充医疗,自动续保",50%,100%,是,4223ms
合成问题,如何查询自己是否已开通自动续保? + 可以变更受益人吗,如何查询自己是否已开通自动续保，另外可以变更受益人吗,"自动续保,查询,变更受益人",25%,100%,否,1525ms
合成问题,可以变更受益人吗 + 这款产品的领款人是谁？,可以变更受益人吗，另外这款产品的领款人是谁,"变更受益人,修改受益人,领款人",75%,100%,是,3995ms
合成问题,这款产品的领款人是谁？ + 全家参保有什么额外好处吗？,这款产品的领款人是谁，另外全家参保有什么额外好处吗,"领款人,被保险人,全家参保",100%,100%,是,7412ms
合成问题,全家参保有什么额外好处吗？ + 为什么建议您保留自动续保?,全家参保有什么额外好处吗，另外为什么建议您保留自动续保,"全家参保,家庭共享,自动续保",100%,100%,是,5328ms
合成问题,为什么建议您保留自动续保? + 保单到期后，没有出险保费会返,为什么建议您保留自动续保，另外保单到期后，没有出险保费会返还,"自动续保,续保,保单到期",75%,100%,是,4776ms
合成问题,保单到期后，没有出险保费会返还吗？ + 为什么价格这么优惠？,保单到期后，没有出险保费会返还吗，另外为什么价格这么优惠,"保单到期,保费返还,价格优惠原因",33%,100%,是,8038ms
合成问题,为什么价格这么优惠？ + 投保后提供纸质保单还是电子保单？,为什么价格这么优惠，另外投保后提供纸质保单还是电子保单,"价格优惠原因,电子保单,纸质保单",33%,100%,是,11225ms
合成问题,投保后提供纸质保单还是电子保单？ + 这款产品保额是多少？,投保后提供纸质保单还是电子保单，另外这款产品保额是多少,"电子保单,纸质保单,保额",75%,50%,是,10257ms
合成问题,这款产品保额是多少？ + 这款产品生效时间早于投保时间是否合,这款产品保额是多少，另外这款产品生效时间早于投保时间是否合规,"保额,赔付上限,生效时间",75%,67%,是,13549ms
合成问题,这款产品生效时间早于投保时间是否合规？ + 这款产品可以续保,这款产品生效时间早于投保时间是否合规，另外这款产品可以续保吗,"生效时间,投保时间,续保规则",75%,100%,是,7796ms
合成问题,这款产品可以续保吗？续保规则是什么？ + 已经购买了其他医疗,这款产品可以续保吗续保规则是什么，另外已经购买了其他医疗保障,"续保规则,能否续保,已有医疗保障",25%,100%,是,13656ms
合成问题,已经购买了其他医疗保障产品，是否还需要购买南京宁惠保？ + ,已经购买了其他医疗保障产品，是否还需要购买南京宁惠保，另外什,"已有医疗保障,是否还需,南京宁惠保",25%,100%,是,5862ms
合成问题,什么是“南京宁惠保？ + 这款产品怎么投保？,什么是“南京宁惠保，另外这款产品怎么投保,"南京宁惠保,是什么,怎么参保",50%,100%,是,6773ms
合成问题,这款产品怎么投保？ + 参保有截止日期吗？,这款产品怎么投保，另外参保有截止日期吗,"怎么参保,投保方式,截止日期",50%,100%,是,6799ms
合成问题,参保有截止日期吗？ + 为什么保单上没有保险公司的盖章？,参保有截止日期吗，另外为什么保单上没有保险公司的盖章,"截止日期,参保时间,保单",75%,100%,是,8295ms
合成问题,为什么保单上没有保险公司的盖章？ + 续保需要重新填写资料吗,为什么保单上没有保险公司的盖章，另外续保需要重新填写资料吗,"保单,盖章,续保",100%,100%,是,5288ms
合成问题,续保需要重新填写资料吗？ + 这款产品是哪个保险公司承保的？,续保需要重新填写资料吗，另外这款产品是哪个保险公司承保的,"续保,资料,承保公司",75%,100%,是,10343ms
合成问题,这款产品是哪个保险公司承保的？ + 如何实现家庭参保共享免赔,这款产品是哪个保险公司承保的，另外如何实现家庭参保共享免赔额,"承保公司,保险公司,免赔额共享",0%,100%,是,6706ms
合成问题,如何实现家庭参保共享免赔额，理赔时如何认定为一个家庭？ + ,如何实现家庭参保共享免赔额，理赔时如何认定为一个家庭，另外暂,"免赔额共享,家庭免赔额,取消自动续保",25%,100%,是,4753ms
合成问题,暂时不需要自动续保“南京宁惠保六期，如何取消? + 投保这款,暂时不需要自动续保“南京宁惠保六期，如何取消，另外投保这款产,"取消自动续保,关闭续保服务,健康告知",75%,100%,是,6826ms
合成问题,投保这款产品是否需要健康告知/体检？ + 这款产品和医保的区,投保这款产品是否需要健康告知/体检，另外这款产品和医保的区别,"健康告知,体检,南京宁惠保",75%,100%,是,8573ms
合成问题,这款产品和医保的区别？ + 这款产品什么时候生效？,这款产品和医保的区别，另外这款产品什么时候生效,"南京宁惠保,医保区别,生效时间",50%,67%,是,6322ms
合成问题,这款产品什么时候生效？ + 是否可以带病投保？,这款产品什么时候生效，另外是否可以带病投保,"生效时间,保障开始,带病投保",50%,67%,是,8421ms
合成问题,是否可以带病投保？ + 南京基本医保参保人可以为直系亲属投保,是否可以带病投保，另外南京基本医保参保人可以为直系亲属投保宁,"带病投保,可以买保险吗,为亲属投保",25%,100%,是,10697ms
合成问题,南京基本医保参保人可以为直系亲属投保宁惠保吗？ + 电子保单,南京基本医保参保人可以为直系亲属投保宁惠保吗，另外电子保单什,"为亲属投保,直系亲属参保,电子保单",50%,100%,是,7798ms
合成问题,电子保单什么时候可以查下并下载？ + 有社保和无社保投保有什,电子保单什么时候可以查下并下载，另外有社保和无社保投保有什么,"电子保单,下载,有社保和无社保区别",50%,100%,是,5568ms
合成问题,有社保和无社保投保有什么区别 + 这款产品有哪些投保渠道？,有社保和无社保投保有什么区别，另外这款产品有哪些投保渠道,"有社保和无社保区别,参保条件,投保渠道",25%,100%,是,5825ms
合成问题,这款产品有哪些投保渠道？ + 购买宁惠保是否还需要购买国家基,这款产品有哪些投保渠道，另外购买宁惠保是否还需要购买国家基本,"投保渠道,购买途径,宁惠保",75%,100%,是,5670ms
合成问题,购买宁惠保是否还需要购买国家基本医疗保险？ + 宁惠保六期是,购买宁惠保是否还需要购买国家基本医疗保险，另外宁惠保六期是否,"宁惠保,医保,医保个账",100%,100%,是,3600ms
合成问题,宁惠保六期是否支持使用医保个账购买，是否有金额限制，是否支持,宁惠保六期是否支持使用医保个账购买，是否有金额限制，是否支持,"医保个账,购买,优待政策",75%,0%,是,3239ms
合成问题,这款产品有哪些优待政策吗？ + 申请退保后保费多久到账？,这款产品有哪些优待政策吗，另外申请退保后保费多久到账,"优待政策,续保优惠,退保",75%,0%,是,5996ms
合成问题,申请退保后保费多久到账？ + 这款产品可以为他人投保吗？,申请退保后保费多久到账，另外这款产品可以为他人投保吗,"退保,退款,为他人投保",50%,100%,是,5561ms
合成问题,这款产品可以为他人投保吗？ + 已经购买了其他产品，是否还需,这款产品可以为他人投保吗，另外已经购买了其他产品，是否还需要,"为他人投保,给家人买,重复购买",0%,100%,是,4059ms
合成问题,已经购买了其他产品，是否还需要购买这款产品？ + 非南京户籍,已经购买了其他产品，是否还需要购买这款产品，另外非南京户籍人,"重复购买,其他产品,南京宁惠保",25%,100%,是,3117ms
合成问题,非南京户籍人员是否可以购买南京宁惠保？ + 免赔额具体金额是,非南京户籍人员是否可以购买南京宁惠保，另外免赔额具体金额是多,"南京宁惠保,非户籍,免赔额金额",25%,57%,是,9677ms
合成问题,免赔额具体金额是多少？ + 与去年相比，“南京宁惠保”六期的,免赔额具体金额是多少，另外与去年相比，“南京宁惠保”六期的保,"免赔额金额,免赔额数额,南京宁惠保",50%,86%,是,17387ms
合成问题,与去年相比，“南京宁惠保”六期的保障有变化吗？ + 这款产品,与去年相比，“南京宁惠保”六期的保障有变化吗，另外这款产品保,"南京宁惠保,六期,保费金额",100%,0%,是,8136ms
合成问题,这款产品保费是多少？ + 去年参保了，今年继续参保有没有什么,这款产品保费是多少，另外去年参保了，今年继续参保有没有什么优,"保费金额,连续参保,续保优惠",33%,29%,是,13365ms
合成问题,去年参保了，今年继续参保有没有什么优待？ + 家庭成员是否可,去年参保了，今年继续参保有没有什么优待，另外家庭成员是否可以,"连续参保,续保优惠,免赔额共享",100%,0%,是,6002ms
合成问题,家庭成员是否可以共享免赔额？ + 哪些人群可以参保南京宁惠保,家庭成员是否可以共享免赔额，另外哪些人群可以参保南京宁惠保,"免赔额共享,家庭免赔额,参保条件",25%,100%,是,6254ms
合成问题,哪些人群可以参保南京宁惠保？ + 这款产品保障多长时间？,哪些人群可以参保南京宁惠保，另外这款产品保障多长时间,"参保条件,南京宁惠保,保障期限",50%,43%,是,3842ms
合成问题,这款产品保障多长时间？ + 今年还可以用医保个账支付保费吗？,这款产品保障多长时间，另外今年还可以用医保个账支付保费吗,"保障期限,有效期,医保个账",50%,43%,是,4319ms
合成问题,今年还可以用医保个账支付保费吗？ + 这款产品的等待期/观察,今年还可以用医保个账支付保费吗，另外这款产品的等待期/观察期,"医保个账,个人账户,等待期",75%,100%,是,6961ms
合成问题,这款产品的等待期/观察期有多久？ + 怎么为家人激活电子医保,这款产品的等待期/观察期有多久，另外怎么为家人激活电子医保凭,"等待期,观察期,激活医保凭证",50%,0%,是,12778ms
合成问题,怎么为家人激活电子医保凭证？ + 去年已购买了“南京宁惠保”,怎么为家人激活电子医保凭证，另外去年已购买了“南京宁惠保”，,"激活医保凭证,电子医保卡,南京宁惠保",25%,100%,是,9354ms
合成问题,去年已购买了“南京宁惠保”，今年还需要重新购买吗？ + 这款,去年已购买了“南京宁惠保”，今年还需要重新购买吗，另外这款产,"南京宁惠保,是否需要重新购买,与其他保险冲突",25%,100%,是,6160ms
合成问题,这款产品和其他商业险是否有冲突？ + 续保时需要再次告知身体,这款产品和其他商业险是否有冲突，另外续保时需要再次告知身体状,"与其他保险冲突,和商业险关系,续保",25%,100%,是,5023ms
合成问题,续保时需要再次告知身体状况吗 + 家庭成员如何共享免赔额？需,续保时需要再次告知身体状况吗，另外家庭成员如何共享免赔额需要,"续保,告知健康状况,免赔额共享",25%,100%,否,5246ms
合成问题,家庭成员如何共享免赔额？需要提供哪些证明材料？ + 在哪里查,家庭成员如何共享免赔额需要提供哪些证明材料，另外在哪里查询这,"免赔额共享,家庭免赔额,保险条款",25%,100%,是,5242ms
合成问题,在哪里查询这款产品的条款？ + 这款产品的赔付比例是多少？,在哪里查询这款产品的条款，另外这款产品的赔付比例是多少,"保险条款,保障内容,赔付比例",50%,86%,是,10142ms
合成问题,这款产品的赔付比例是多少？ + 是多次住院累计报销额超过多少,这款产品的赔付比例是多少，另外是多次住院累计报销额超过多少可,"赔付比例,报销比例,多次住院",50%,100%,是,9949ms
合成问题,是多次住院累计报销额超过多少可以报销 + 现在住院自费太高，,是多次住院累计报销额超过多少可以报销，另外现在住院自费太高，,"多次住院,累计免赔额,住院自费",0%,36%,是,11278ms
合成问题,现在住院自费太高，自费加起来2万才报吗 + 谁没事整天住院？,现在住院自费太高，自费加起来2万才报吗，另外谁没事整天住院,"住院自费,年度累计,住院频率",0%,33%,是,14470ms
合成问题,谁没事整天住院？ + 住院总费用1.3万，自费4千,谁没事整天住院，另外住院总费用1.3万，自费4千,"住院频率,住院次数,住院费用自费",0%,0%,是,4493ms
合成问题,住院总费用1.3万，自费4千 + 可以延期么？我父母在南京住,住院总费用1.3万，自费4千，另外可以延期么我父母在南京住院,"住院费用自费,赔付比例,延期",50%,79%,是,7957ms
合成问题,可以延期么？我父母在南京住院现在已经回老家了，办理文件不方便,可以延期么我父母在南京住院现在已经回老家了，办理文件不方便，,"延期,住院文件,跨年住院",50%,20%,是,19714ms
合成问题,25年12月住院，26年1月1号出院，怎么在查询时看不到25,25年12月住院，26年1月1号出院，怎么在查询时看不到25,"跨年住院,报销,咨询参保",0%,100%,是,8711ms
合成问题,如何咨询关于南京宁惠保的参保问题？ + 能查到我的保单么,如何咨询关于南京宁惠保的参保问题，另外能查到我的保单么,"咨询参保,购买问题,保单",25%,0%,否,1622ms
合成问题,能查到我的保单么 + 在哪里查询或下载我的保单？,能查到我的保单么，另外在哪里查询或下载我的保单,"保单,查询,下载",25%,0%,否,636ms
合成问题,在哪里查询或下载我的保单？ + 这个自动续保我都不知道怎么就,在哪里查询或下载我的保单，另外这个自动续保我都不知道怎么就自,"下载,保单,自动续保",0%,100%,否,597ms
合成问题,这个自动续保我都不知道怎么就自动续保了？能取消订单吗 + 保,这个自动续保我都不知道怎么就自动续保了能取消订单吗，另外保单,"自动续保,取消订单,保单号",0%,0%,否,952ms
合成问题,保单号可以空着吗 + 哪里可以查看我的保单,保单号可以空着吗，另外哪里可以查看我的保单,"保单号,填写要求,保单",75%,0%,是,7907ms
合成问题,哪里可以查看我的保单 + 宁惠保电子保单怎么下载？,哪里可以查看我的保单，另外宁惠保电子保单怎么下载,"保单,查看,宁惠保",0%,100%,否,2267ms
合成问题,宁惠保电子保单怎么下载？ + 宁惠保是否可以报销住院费用？,宁惠保电子保单怎么下载，另外宁惠保是否可以报销住院费用,"宁惠保,电子保单,宁惠保住院报销",67%,100%,是,7261ms
合成问题,宁惠保是否可以报销住院费用？ + 痔疮手术是否可以理赔,宁惠保是否可以报销住院费用，另外痔疮手术是否可以理赔,"宁惠保住院报销,痔疮手术,理赔",67%,0%,是,5301ms
合成问题,痔疮手术是否可以理赔 + 哪些疾病可以理赔？,痔疮手术是否可以理赔，另外哪些疾病可以理赔,"痔疮手术,理赔,理赔",75%,100%,是,8187ms
合成问题,哪些疾病可以理赔？ + 门诊手术是否可以报销,哪些疾病可以理赔，另外门诊手术是否可以报销,"理赔,疾病,门诊手术",25%,100%,是,3305ms
合成问题,门诊手术是否可以报销 + 脑梗、脑出血可以报销吗？,门诊手术是否可以报销，另外脑梗、脑出血可以报销吗,"门诊手术,报销条件,脑梗",75%,100%,是,5310ms
合成问题,脑梗、脑出血可以报销吗？ + 国外的住院医疗费用本产品可以理,脑梗、脑出血可以报销吗，另外国外的住院医疗费用本产品可以理赔,"脑梗,脑出血,国外",75%,100%,是,4873ms
合成问题,国外的住院医疗费用本产品可以理赔吗？ + 去年投保了，今年投,国外的住院医疗费用本产品可以理赔吗，另外去年投保了，今年投保,"国外,住院费用,既往症",50%,100%,是,4428ms
合成问题,去年投保了，今年投保，去年确认恶性肿瘤，算既往症吗？ + 基,去年投保了，今年投保，去年确认恶性肿瘤，算既往症吗，另外基因,"既往症,老毛病,基因检测",50%,100%,是,6649ms
合成问题,基因检测费用是否可以报销？ + 本产品既往症具体有哪些？,基因检测费用是否可以报销，另外本产品既往症具体有哪些,"基因检测,费用报销,既往症有哪些",25%,100%,是,12290ms
合成问题,本产品既往症具体有哪些？ + 手术费用是否可以理赔,本产品既往症具体有哪些，另外手术费用是否可以理赔,"既往症有哪些,老毛病范围,手术费理赔",0%,100%,是,5641ms
合成问题,手术费用是否可以理赔 + 宁惠保理赔中哪些情况符合药房购药的,手术费用是否可以理赔，另外宁惠保理赔中哪些情况符合药房购药的,"手术费理赔,宁惠保,药房购药",67%,100%,是,7036ms
合成问题,宁惠保理赔中哪些情况符合药房购药的理赔条件？ + 住院费用是,宁惠保理赔中哪些情况符合药房购药的理赔条件，另外住院费用是否,"宁惠保,药房购药,住院费用",75%,100%,是,5983ms
合成问题,住院费用是否可以报销？如何申请？ + 进口药、自费药可以报销,住院费用是否可以报销如何申请，另外进口药、自费药可以报销吗,"住院费用,是否可以报销,进口药",75%,100%,是,5230ms
合成问题,进口药、自费药可以报销吗 + 如何申请特药理赔？,进口药、自费药可以报销吗，另外如何申请特药理赔,"进口药,自费药,特药理赔",75%,100%,是,6488ms
合成问题,如何申请特药理赔？ + 普通门诊费用是否可以报销？,如何申请特药理赔，另外普通门诊费用是否可以报销,"特药理赔,特效药,普通门诊",75%,100%,是,4398ms
合成问题,普通门诊费用是否可以报销？ + 什么情况下可以申请宁惠保理赔,普通门诊费用是否可以报销，另外什么情况下可以申请宁惠保理赔,"普通门诊,门诊费用,宁惠保理赔",50%,100%,是,3474ms
合成问题,什么情况下可以申请宁惠保理赔？ + 这款产品可以重复报销吗？,什么情况下可以申请宁惠保理赔，另外这款产品可以重复报销吗,"宁惠保理赔,申请条件,重复报销",50%,100%,是,11633ms
合成问题,这款产品可以重复报销吗？ + 南京宁惠保六期有哪些保障和优惠,这款产品可以重复报销吗，另外南京宁惠保六期有哪些保障和优惠政,"重复报销,多份无效,宁惠保六期保障",25%,100%,是,8633ms
合成问题,南京宁惠保六期有哪些保障和优惠政策？ + 门诊日间手术包含哪,南京宁惠保六期有哪些保障和优惠政策，另外门诊日间手术包含哪些,"宁惠保六期保障,宁惠保内容,门诊",25%,100%,是,4908ms
合成问题,门诊日间手术包含哪些内容？ + 门诊日间手术可以理赔吗？有哪,门诊日间手术包含哪些内容，另外门诊日间手术可以理赔吗有哪些病,"门诊,报销,日间手术",75%,100%,是,4078ms
合成问题,门诊日间手术可以理赔吗？有哪些病种？ + 狂犬疫苗费用是否可,门诊日间手术可以理赔吗有哪些病种，另外狂犬疫苗费用是否可以报,"日间手术,理赔,狂犬疫苗",75%,100%,是,5519ms
合成问题,狂犬疫苗费用是否可以报销 + 宁惠保理赔范围包括哪些类型费用,狂犬疫苗费用是否可以报销，另外宁惠保理赔范围包括哪些类型费用,"狂犬疫苗,报销,宁惠保",75%,100%,是,2694ms
合成问题,宁惠保理赔范围包括哪些类型费用？ + 门特和门诊大病是什么？,宁惠保理赔范围包括哪些类型费用，另外门特和门诊大病是什么怎么,"宁惠保,理赔范围,门特",100%,100%,是,5693ms
合成问题,门特和门诊大病是什么？怎么办理？ + “南京宁惠保”六期不能,门特和门诊大病是什么怎么办理，另外“南京宁惠保”六期不能报销,"门特,门诊大病,南京宁惠保",100%,100%,是,7642ms
合成问题,“南京宁惠保”六期不能报销什么病种？ + 哪些情况不赔付？除,“南京宁惠保”六期不能报销什么病种，另外哪些情况不赔付除外责,"南京宁惠保,六期,不赔付",75%,100%,是,4843ms
合成问题,哪些情况不赔付？除外责任是什么？ + 哪里可以查询医保定点医,哪些情况不赔付除外责任是什么，另外哪里可以查询医保定点医院,"不赔付,除外责任,医保",100%,100%,是,5665ms
合成问题,哪里可以查询医保定点医院？ + 意外可以赔付吗？,哪里可以查询医保定点医院，另外意外可以赔付吗,"医保,定点医院,意外",100%,100%,是,3478ms
合成问题,意外可以赔付吗？ + 急诊费用是否可以报销？,意外可以赔付吗，另外急诊费用是否可以报销,"意外,赔付,急诊报销",75%,100%,是,3047ms
合成问题,急诊费用是否可以报销？ + 门诊看病是否可以报销,急诊费用是否可以报销，另外门诊看病是否可以报销,"急诊报销,门诊费用,门诊看病",25%,100%,是,4697ms
合成问题,门诊看病是否可以报销 + 什么是责任一、责任二、责任三？各保,门诊看病是否可以报销，另外什么是责任一、责任二、责任三各保障,"门诊看病,报销,责任一",100%,100%,是,9359ms
合成问题,什么是责任一、责任二、责任三？各保障什么？ + 甲状腺手术费,什么是责任一、责任二、责任三各保障什么，另外甲状腺手术费用是,"责任一,责任二,甲状腺手术",100%,100%,是,7223ms
合成问题,甲状腺手术费用是否可以报销 + 那之前门诊拍片子之类的算么？,甲状腺手术费用是否可以报销，另外那之前门诊拍片子之类的算么,"甲状腺手术,报销,门诊",75%,0%,是,6513ms
合成问题,那之前门诊拍片子之类的算么？ + 生孩子的费用能报销吗？,那之前门诊拍片子之类的算么，另外生孩子的费用能报销吗,"门诊,免赔额,生育费用",50%,0%,是,4520ms
合成问题,生孩子的费用能报销吗？ + 双通道门诊用药如何报销,生孩子的费用能报销吗，另外双通道门诊用药如何报销,"生育费用,生孩子报销,双通道",50%,100%,是,10230ms
合成问题,双通道门诊用药如何报销 + 门诊检查费用是否可以报销？,双通道门诊用药如何报销，另外门诊检查费用是否可以报销,"双通道,门诊用药,门诊检查",100%,100%,是,14981ms
合成问题,门诊检查费用是否可以报销？ + 这款产品免除责任内容在哪里查,门诊检查费用是否可以报销，另外这款产品免除责任内容在哪里查看,"门诊检查,报销,免除责任",50%,100%,是,4229ms
合成问题,这款产品免除责任内容在哪里查看？ + 宁惠保理赔范围是什么？,这款产品免除责任内容在哪里查看，另外宁惠保理赔范围是什么,"免除责任,免责内容,宁惠保",75%,100%,是,9968ms
合成问题,宁惠保理赔范围是什么？ + 种植牙是否可以报销,宁惠保理赔范围是什么，另外种植牙是否可以报销,"宁惠保,理赔范围,种植牙",75%,100%,否,2795ms
合成问题,种植牙是否可以报销 + 宁惠保的理赔范围包括哪些类型费用？,种植牙是否可以报销，另外宁惠保的理赔范围包括哪些类型费用,"种植牙,报销范围,宁惠保",100%,100%,是,5033ms
合成问题,宁惠保的理赔范围包括哪些类型费用？ + 宁惠保是否包含意外险,宁惠保的理赔范围包括哪些类型费用，另外宁惠保是否包含意外险,"宁惠保,理赔范围,意外险",100%,100%,是,5818ms
合成问题,宁惠保是否包含意外险 + 住院手术费用是否可以报销,宁惠保是否包含意外险，另外住院手术费用是否可以报销,"意外险,主险,住院手术",75%,0%,是,5166ms
合成问题,住院手术费用是否可以报销 + 住院报销需要哪些材料？,住院手术费用是否可以报销，另外住院报销需要哪些材料,"住院手术,门诊大病,住院",75%,100%,是,4659ms
合成问题,住院报销需要哪些材料？ + 这款产品保障范围是什么？,住院报销需要哪些材料，另外这款产品保障范围是什么,"住院,报销,保障范围",75%,100%,是,15511ms
合成问题,这款产品保障范围是什么？ + 门诊费用是否可以报销？,这款产品保障范围是什么，另外门诊费用是否可以报销,"保障范围,保什么,门诊费用",25%,0%,是,3269ms
合成问题,门诊费用是否可以报销？ + 南京宁惠保是否覆盖门诊治疗？,门诊费用是否可以报销，另外南京宁惠保是否覆盖门诊治疗,"门诊费用,报销,南京宁惠保",100%,0%,是,6002ms
合成问题,南京宁惠保是否覆盖门诊治疗？ + 中草药费用报销吗？,南京宁惠保是否覆盖门诊治疗，另外中草药费用报销吗,"南京宁惠保,门诊治疗,中草药",100%,100%,是,7593ms
合成问题,中草药费用报销吗？ + 其他城市什么时候上线？,中草药费用报销吗，另外其他城市什么时候上线,"中草药,费用,上线时间",50%,100%,是,7224ms
合成问题,其他城市什么时候上线？ + 当地医保局电话多少？,其他城市什么时候上线，另外当地医保局电话多少,"上线时间,城市覆盖,医保局电话",50%,100%,是,3626ms
合成问题,当地医保局电话多少？ + 如何处理已投保但单位已为其办理团险,当地医保局电话多少，另外如何处理已投保但单位已为其办理团险的,"医保局电话,当地医保咨询,团险重复",25%,100%,是,4663ms
合成问题,如何处理已投保但单位已为其办理团险的情况？ + 理赔金额是如,如何处理已投保但单位已为其办理团险的情况，另外理赔金额是如何,"团险重复,单位已参保,理赔金额",25%,100%,是,5154ms
合成问题,理赔金额是如何计算的？ + 如何申请南京宁惠保医疗理赔？,理赔金额是如何计算的，另外如何申请南京宁惠保医疗理赔,"理赔金额,计算方式,理赔申请",75%,100%,是,20642ms
合成问题,如何申请南京宁惠保医疗理赔？ + 如有问题，去哪儿咨询？,如何申请南京宁惠保医疗理赔，另外如有问题，去哪儿咨询,"理赔申请,医疗理赔,咨询",75%,100%,是,7658ms
合成问题,如有问题，去哪儿咨询？ + 人工客服服务时间是多少？,如有问题，去哪儿咨询，另外人工客服服务时间是多少,"咨询,客服,客服时间",75%,100%,是,3649ms
合成问题,人工客服服务时间是多少？ + 人工客服电话是多少？,人工客服服务时间是多少，另外人工客服电话是多少,"客服时间,服务时间,客服电话",25%,100%,是,4464ms
合成问题,人工客服电话是多少？ + 这是我投保人的电话,人工客服电话是多少，另外这是我投保人的电话,"客服电话,联系电话,投保人电话",25%,0%,否,2553ms
合成问题,这是我投保人的电话 + 你好，请问投保的五期和六期有什么差别,这是我投保人的电话，另外你好，请问投保的五期和六期有什么差别,"投保人电话,联系方式,投保",50%,0%,是,6298ms
合成问题,你好，请问投保的五期和六期有什么差别 + 如何重复参保南京宁,你好，请问投保的五期和六期有什么差别，另外如何重复参保南京宁,"投保,五期,重复参保",75%,0%,是,8899ms
合成问题,如何重复参保南京宁惠保？ + 怎么查询别人是购买的是99还是,如何重复参保南京宁惠保，另外怎么查询别人是购买的是99还是1,"重复参保,再次投保,查询版本",50%,86%,是,15438ms
合成问题,怎么查询别人是购买的是99还是150 + 在哪里查询投保须知,怎么查询别人是购买的是99还是150，另外在哪里查询投保须知,"查询版本,99元,投保渠道",25%,0%,是,3521ms
合成问题,在哪里查询投保须知？ + 我想取消自动投保,在哪里查询投保须知，另外我想取消自动投保,"投保渠道,购买方式,取消自动投保",25%,100%,是,9334ms
合成问题,我想取消自动投保 + 后投保后多次时间生效,我想取消自动投保，另外后投保后多次时间生效,"取消自动投保,退保,多次投保生效规则",33%,0%,是,8694ms
合成问题,后投保后多次时间生效 + 还有既往症是不是只能报销百分之30,后投保后多次时间生效，另外还有既往症是不是只能报销百分之30,"多次投保生效规则,既往症,赔付比例",67%,77%,是,10850ms
合成问题,还有既往症是不是只能报销百分之30 + 怎么判断既往症？,还有既往症是不是只能报销百分之30，另外怎么判断既往症,"既往症,赔付比例,判断既往症",50%,33%,是,4860ms
合成问题,怎么判断既往症？ + 既往症怎么认定的,怎么判断既往症，另外既往症怎么认定的,"判断既往症,老毛病定义,既往症认定",50%,100%,是,8556ms
合成问题,既往症怎么认定的 + 既往症是什么意思,既往症怎么认定的，另外既往症是什么意思,"既往症认定,老毛病处理,既往症",25%,0%,是,5620ms
合成问题,既往症是什么意思 + 对于既往症是什么政策啊,既往症是什么意思，另外对于既往症是什么政策啊,"既往症,老毛病,既往症",100%,100%,是,11034ms
合成问题,对于既往症是什么政策啊 + 参保所需证件类型指的是什么,对于既往症是什么政策啊，另外参保所需证件类型指的是什么,"既往症,老毛病,证件类型",100%,86%,是,15187ms
合成问题,参保所需证件类型指的是什么 + 保险人是指什么？,参保所需证件类型指的是什么，另外保险人是指什么,"证件类型,身份证,保险人",100%,100%,是,3112ms
合成问题,保险人是指什么？ + 投保人、被保险人分别指什么？,保险人是指什么，另外投保人、被保险人分别指什么,"保险人,承保人,投保人",100%,100%,是,5539ms
合成问题,投保人、被保险人分别指什么？ + 什么是社会基本医疗保险,投保人、被保险人分别指什么，另外什么是社会基本医疗保险,"投保人,被保险人,社会基本医疗保险",75%,100%,是,4170ms
合成问题,什么是社会基本医疗保险 + 什么是医保身份？,什么是社会基本医疗保险，另外什么是医保身份,"社会基本医疗保险,医保,医保身份",75%,100%,是,3513ms
合成问题,什么是医保身份？ + 什么是社会保险定点医院？,什么是医保身份，另外什么是社会保险定点医院,"医保身份,社保身份,定点医院",50%,100%,是,4550ms
合成问题,什么是社会保险定点医院？ + 什么叫必需且合理的医疗费用？,什么是社会保险定点医院，另外什么叫必需且合理的医疗费用,"定点医院,医保医院,必需且合理",100%,100%,是,6560ms
合成问题,什么叫必需且合理的医疗费用？ + 南京门诊大病指哪些病？,什么叫必需且合理的医疗费用，另外南京门诊大病指哪些病,"必需且合理,医疗费用,南京门诊大病",75%,100%,是,11799ms
合成问题,南京门诊大病指哪些病？ + 什么是个人自付和个人自费？,南京门诊大病指哪些病，另外什么是个人自付和个人自费,"南京门诊大病,病种范围,个人自付",100%,100%,是,10185ms
合成问题,什么是个人自付和个人自费？ + 什么是既往症？既往症包括哪些,什么是个人自付和个人自费，另外什么是既往症既往症包括哪些疾病,"个人自付,个人自费,既往症",100%,100%,是,11228ms
合成问题,什么是既往症？既往症包括哪些疾病？ + 什么是门诊大病？,什么是既往症既往症包括哪些疾病，另外什么是门诊大病,"既往症,老毛病,门诊大病",75%,100%,是,7034ms
合成问题,什么是门诊大病？ + 什么是商业保险？,什么是门诊大病，另外什么是商业保险,"门诊大病,特殊疾病门诊,商业保险",75%,100%,是,3792ms
合成问题,什么是商业保险？ + 医疗费用发票原件丢失了怎么办？,什么是商业保险，另外医疗费用发票原件丢失了怎么办,"商业保险,商业险,发票丢失",25%,100%,是,4211ms
合成问题,医疗费用发票原件丢失了怎么办？ + 如果是不在医保内的药品，,医疗费用发票原件丢失了怎么办，另外如果是不在医保内的药品，就,"发票丢失,医疗发票丢了,医保外药品",25%,0%,是,4729ms
合成问题,如果是不在医保内的药品，就没有包括在责任二里面？ + 阿来替,如果是不在医保内的药品，就没有包括在责任二里面，另外阿来替尼,"医保外药品,责任二,阿来替尼",75%,22%,是,12555ms
合成问题,阿来替尼是特药吗 + 老人已经去世了，还有药品的报销。这怎么,阿来替尼是特药吗，另外老人已经去世了，还有药品的报销。这怎么,"阿来替尼,特药,去世",100%,0%,是,8115ms
合成问题,老人已经去世了，还有药品的报销。这怎么操作？没办法委托 + ,老人已经去世了，还有药品的报销。这怎么操作没办法委托，另外那,"去世,报销,医保外",50%,0%,是,7504ms
合成问题,那个医保外报销的指的就是特药报销？ + 能帮我查下格列卫在特,那个医保外报销的指的就是特药报销，另外能帮我查下格列卫在特药,"医保外,特药,格列卫",75%,0%,是,8280ms
合成问题,能帮我查下格列卫在特药范围内吗？ + 特药直送需要什么材料？,能帮我查下格列卫在特药范围内吗，另外特药直送需要什么材料,"格列卫,特药,特药直送",75%,100%,是,7739ms
合成问题,特药直送需要什么材料？ + 报销需要哪些材料？,特药直送需要什么材料，另外报销需要哪些材料,"特药直送,购药前,报销材料",25%,100%,是,5388ms
合成问题,报销需要哪些材料？ + 理赔需要哪些资料？,报销需要哪些材料，另外理赔需要哪些资料,"报销材料,理赔资料,理赔材料",25%,100%,否,2913ms
合成问题,理赔需要哪些资料？ + 异地就医需要提供哪些材料？,理赔需要哪些资料，另外异地就医需要提供哪些材料,"理赔材料,所需资料,异地就医材料",25%,100%,是,4551ms
合成问题,异地就医需要提供哪些材料？ + 没出院就办了直赔，再直赔后出,异地就医需要提供哪些材料，另外没出院就办了直赔，再直赔后出院,"异地就医材料,所需资料,直赔",50%,100%,是,12463ms
合成问题,没出院就办了直赔，再直赔后出院之前又产生费用呢 + 理赔需要,没出院就办了直赔，再直赔后出院之前又产生费用呢，另外理赔需要,"直赔,未出院,理赔资料",50%,100%,是,14966ms
合成问题,理赔需要提供哪些资料？ + 住院材料需要哪些？,理赔需要提供哪些资料，另外住院材料需要哪些,"理赔资料,申请材料,住院",25%,100%,是,4614ms
合成问题,住院材料需要哪些？ + 理赔只需要银行卡号就可以吗？还需要什,住院材料需要哪些，另外理赔只需要银行卡号就可以吗还需要什么,"住院,所需材料,理赔材料",75%,100%,是,5257ms
合成问题,理赔只需要银行卡号就可以吗？还需要什么？ + 特药事后理赔需,理赔只需要银行卡号就可以吗还需要什么，另外特药事后理赔需要什,"理赔材料,银行卡号,特药",75%,100%,是,6529ms
合成问题,特药事后理赔需要什么材料？ + 理赔申请需要哪些材料？,特药事后理赔需要什么材料，另外理赔申请需要哪些材料,"特药,事后理赔,理赔材料",50%,100%,是,4131ms
合成问题,理赔申请需要哪些材料？ + 什么是直赔和快赔？有什么区别？,理赔申请需要哪些材料，另外什么是直赔和快赔有什么区别,"理赔材料,所需资料,直赔",50%,100%,是,6760ms
合成问题,什么是直赔和快赔？有什么区别？ + 如何进行南京宁惠保的理赔,什么是直赔和快赔有什么区别，另外如何进行南京宁惠保的理赔操作,"直赔,快赔,理赔",75%,100%,是,7468ms
合成问题,如何进行南京宁惠保的理赔操作？ + 指定医院有哪些？,如何进行南京宁惠保的理赔操作，另外指定医院有哪些,"理赔,报销,指定医院",50%,100%,是,7502ms
合成问题,指定医院有哪些？ + 线下理赔网点地址和工作时间是什么？,指定医院有哪些，另外线下理赔网点地址和工作时间是什么,"指定医院,定点医疗机构,线下理赔",75%,100%,是,5496ms
合成问题,线下理赔网点地址和工作时间是什么？ + 如何进行理赔？,线下理赔网点地址和工作时间是什么，另外如何进行理赔,"线下理赔,网点地址,理赔",75%,100%,是,3412ms
合成问题,如何进行理赔？ + 理赔时需要发票原件吗,如何进行理赔，另外理赔时需要发票原件吗,"理赔,操作,理赔材料",75%,100%,是,6665ms
合成问题,理赔时需要发票原件吗 + 如何进行理赔申请？,理赔时需要发票原件吗，另外如何进行理赔申请,"理赔材料,发票原件,理赔申请",50%,100%,是,4548ms
合成问题,如何进行理赔申请？ + 理赔原件可以退还吗,如何进行理赔申请，另外理赔原件可以退还吗,"理赔申请,怎么申请,理赔原件",50%,100%,是,4077ms
合成问题,理赔原件可以退还吗 + 理赔标准是什么？,理赔原件可以退还吗，另外理赔标准是什么,"理赔原件,发票退还,理赔标准",50%,100%,是,13803ms
合成问题,理赔标准是什么？ + 你告诉我达到多少费用就可以理赔吧？,理赔标准是什么，另外你告诉我达到多少费用就可以理赔吧,"理赔标准,赔付门槛,理赔起付线",25%,60%,是,3744ms
合成问题,你告诉我达到多少费用就可以理赔吧？ + 医保报销后个人自付和,你告诉我达到多少费用就可以理赔吧，另外医保报销后个人自付和自,"理赔起付线,免赔额标准,医保报销后",50%,50%,是,8629ms
合成问题,医保报销后个人自付和自费费用如何赔付？ + 今年还支持直赔吗,医保报销后个人自付和自费费用如何赔付，另外今年还支持直赔吗直,"医保报销后,个人自付,直赔",100%,100%,是,9852ms
合成问题,今年还支持直赔吗？直赔医院有哪些？ + 理赔申请有哪些方式？,今年还支持直赔吗直赔医院有哪些，另外理赔申请有哪些方式哪种方,"直赔,直赔医院,理赔方式",50%,100%,是,12690ms
合成问题,理赔申请有哪些方式？哪种方式更方便？ + 如何办理宁惠保理赔,理赔申请有哪些方式哪种方式更方便，另外如何办理宁惠保理赔,"理赔方式,申请渠道,理赔流程",25%,100%,是,4073ms
合成问题,如何办理宁惠保理赔？ + 理赔申请的渠道有哪些,如何办理宁惠保理赔，另外理赔申请的渠道有哪些,"理赔流程,报销材料,理赔渠道",0%,100%,是,5164ms
合成问题,理赔申请的渠道有哪些 + 没有到医保报销可以直接申请理赔吗？,理赔申请的渠道有哪些，另外没有到医保报销可以直接申请理赔吗,"理赔渠道,申请路径,医保报销",25%,100%,是,11911ms
合成问题,没有到医保报销可以直接申请理赔吗？ + 异地就医包括哪些人员,没有到医保报销可以直接申请理赔吗，另外异地就医包括哪些人员,"医保报销,直接理赔,异地就医",50%,100%,是,7825ms
合成问题,异地就医包括哪些人员？ + 南京宁惠保线下理赔地址在哪里？,异地就医包括哪些人员，另外南京宁惠保线下理赔地址在哪里,"异地就医,人员范围,南京宁惠保",75%,100%,是,6552ms
合成问题,南京宁惠保线下理赔地址在哪里？ + 宁惠保六期理赔时间是什么,南京宁惠保线下理赔地址在哪里，另外宁惠保六期理赔时间是什么时,"南京宁惠保,理赔地址,理赔时间",75%,0%,是,4355ms
合成问题,宁惠保六期理赔时间是什么时候？ + 2026年的理赔在快速理,宁惠保六期理赔时间是什么时候，另外2026年的理赔在快速理赔,"理赔时间,通道开启,理赔",50%,100%,是,6390ms
合成问题,2026年的理赔在快速理赔里查不到怎么办？ + 参保地变更能,2026年的理赔在快速理赔里查不到怎么办，另外参保地变更能赔,"理赔,查询不到,变更参保地",75%,100%,是,6070ms
合成问题,参保地变更能赔付吗？ + 请问门诊手术可以理赔吗,参保地变更能赔付吗，另外请问门诊手术可以理赔吗,"变更参保地,赔付,门诊手术",75%,100%,是,13147ms
合成问题,请问门诊手术可以理赔吗 + 宁惠保的理赔条件是什么？,请问门诊手术可以理赔吗，另外宁惠保的理赔条件是什么,"门诊手术,理赔,宁惠保",50%,100%,是,8519ms
合成问题,宁惠保的理赔条件是什么？ + 传统理赔需要提交哪些材料？,宁惠保的理赔条件是什么，另外传统理赔需要提交哪些材料,"宁惠保,理赔条件,理赔材料",75%,100%,是,8059ms
合成问题,传统理赔需要提交哪些材料？ + 提交理赔后多久能审核完？,传统理赔需要提交哪些材料，另外提交理赔后多久能审核完,"理赔材料,住院发票,理赔时间",25%,100%,是,5969ms
合成问题,提交理赔后多久能审核完？ + 如何进行线下理赔？,提交理赔后多久能审核完，另外如何进行线下理赔,"理赔时间,审核周期,线下理赔",25%,100%,是,4851ms
合成问题,如何进行线下理赔？ + 异地就医结算单是什么？,如何进行线下理赔，另外异地就医结算单是什么,"线下理赔,现场办理,异地就医结算单",50%,100%,是,6190ms
合成问题,异地就医结算单是什么？ + 立案需要多长时间？,异地就医结算单是什么，另外立案需要多长时间,"异地就医结算单,结算单据,立案时间",50%,100%,是,5084ms
合成问题,立案需要多长时间？ + 我理赔资料填写不符吗,立案需要多长时间，另外我理赔资料填写不符吗,"立案时间,理赔进度,理赔资料不符",0%,0%,否,1376ms
合成问题,我理赔资料填写不符吗 + 想请问下理赔的金额？,我理赔资料填写不符吗，另外想请问下理赔的金额,"理赔资料不符,材料错误,理赔金额",0%,0%,否,1018ms
合成问题,想请问下理赔的金额？ + 理赔金额为什么按年度计算而不是按治,想请问下理赔的金额，另外理赔金额为什么按年度计算而不是按治疗,"理赔金额,赔付比例,年度计算",75%,100%,是,9825ms
合成问题,理赔金额为什么按年度计算而不是按治疗周期？ + 有理赔次数限,理赔金额为什么按年度计算而不是按治疗周期，另外有理赔次数限制,"年度计算,治疗周期,理赔次数限制",25%,100%,是,4848ms
合成问题,有理赔次数限制吗？ + 医保结算单是什么？,有理赔次数限制吗，另外医保结算单是什么,"理赔次数限制,赔付次数,医保结算单",50%,100%,是,5195ms
合成问题,医保结算单是什么？ + 出院后。理赔是这样吗？,医保结算单是什么，另外出院后。理赔是这样吗,"医保结算单,医保单据,出院后理赔",50%,100%,是,4899ms
合成问题,出院后。理赔是这样吗？ + 申请理赔的方式有哪些？哪种方式更,出院后。理赔是这样吗，另外申请理赔的方式有哪些哪种方式更方便,"出院后理赔,理赔流程,理赔方式",0%,100%,是,11773ms
合成问题,申请理赔的方式有哪些？哪种方式更方便？ + 如何查询理赔进度,申请理赔的方式有哪些哪种方式更方便，另外如何查询理赔进度,"理赔方式,申请赔款,理赔进度",50%,100%,是,6910ms
合成问题,如何查询理赔进度？ + 线下理赔地址和工作时间是什么？,如何查询理赔进度，另外线下理赔地址和工作时间是什么,"理赔进度,查询状态,线下理赔",50%,100%,是,3409ms
合成问题,线下理赔地址和工作时间是什么？ + 线下理赔地址在哪里？,线下理赔地址和工作时间是什么，另外线下理赔地址在哪里,"线下理赔,地址,线下理赔地址",100%,100%,是,3730ms
合成问题,线下理赔地址在哪里？ + 理赔立案需要多长时间？,线下理赔地址在哪里，另外理赔立案需要多长时间,"线下理赔地址,理赔时效,立案时间",33%,100%,是,5236ms
合成问题,理赔立案需要多长时间？ + 身份证件过期后可以申请理赔吗,理赔立案需要多长时间，另外身份证件过期后可以申请理赔吗,"理赔时效,立案时间,理赔",75%,100%,是,4242ms
合成问题,身份证件过期后可以申请理赔吗 + 异地就医是否可以理赔？,身份证件过期后可以申请理赔吗，另外异地就医是否可以理赔,"理赔,证件过期,异地就医",100%,100%,是,6988ms
合成问题,异地就医是否可以理赔？ + 如何申请宁惠保理赔？,异地就医是否可以理赔，另外如何申请宁惠保理赔,"异地就医,理赔,宁惠保理赔",100%,0%,是,7775ms
合成问题,如何申请宁惠保理赔？ + 理赔未通过的原因是什么？,如何申请宁惠保理赔，另外理赔未通过的原因是什么,"宁惠保理赔,申请,理赔失败",25%,0%,是,6138ms
合成问题,理赔未通过的原因是什么？ + 怎么办理异地就医备案手续？,理赔未通过的原因是什么，另外怎么办理异地就医备案手续,"理赔失败,未通过原因,异地就医备案",0%,0%,否,1689ms
合成问题,怎么办理异地就医备案手续？ + 医院等级在哪里查看？,怎么办理异地就医备案手续，另外医院等级在哪里查看,"异地就医备案,异地就医手续,医院等级查询",50%,100%,是,4346ms
合成问题,医院等级在哪里查看？ + 线下办理理赔指导地址和时间是什么？,医院等级在哪里查看，另外线下办理理赔指导地址和时间是什么,"医院等级查询,医疗机构等级,线下理赔",25%,100%,是,2995ms
合成问题,线下办理理赔指导地址和时间是什么？ + 理赔审核需要多长时间,线下办理理赔指导地址和时间是什么，另外理赔审核需要多长时间,"线下理赔,办理地点,理赔审核",50%,100%,是,6688ms
合成问题,理赔审核需要多长时间？ + 在哪里查询理赔须知？,理赔审核需要多长时间，另外在哪里查询理赔须知,"理赔审核,处理时间,理赔须知",50%,100%,是,5780ms
合成问题,在哪里查询理赔须知？ + 理赔申请被驳回的原因是什么？,在哪里查询理赔须知，另外理赔申请被驳回的原因是什么,"理赔须知,报销说明,理赔驳回",25%,100%,是,6647ms
合成问题,理赔申请被驳回的原因是什么？ + 理赔需要多长时间？,理赔申请被驳回的原因是什么，另外理赔需要多长时间,"理赔驳回,申请被拒,理赔时间",0%,100%,是,5210ms
合成问题,理赔需要多长时间？ + 如何申请理赔？理赔流程是什么？,理赔需要多长时间，另外如何申请理赔理赔流程是什么,"理赔时间,处理时效,理赔",75%,100%,是,6978ms
合成问题,如何申请理赔？理赔流程是什么？ + 线下办理理赔的地址和时间,如何申请理赔理赔流程是什么，另外线下办理理赔的地址和时间是什,"理赔,流程,线下理赔地址",75%,100%,是,4167ms
合成问题,线下办理理赔的地址和时间是什么？ + 理赔门槛是多少？超过多,线下办理理赔的地址和时间是什么，另外理赔门槛是多少超过多少费,"线下理赔地址,工作时间,免赔额",75%,100%,是,6638ms
合成问题,理赔门槛是多少？超过多少费用可以申请理赔？ + 住院手术需要,理赔门槛是多少超过多少费用可以申请理赔，另外住院手术需要装起,"免赔额,门槛费,起搏器",50%,33%,是,16658ms
合成问题,住院手术需要装起搏器，怎么申请理赔？ + 特药理赔怎么申请？,住院手术需要装起搏器，怎么申请理赔，另外特药理赔怎么申请,"起搏器,住院理赔,特药",50%,100%,是,6751ms
合成问题,特药理赔怎么申请？ + 可以为他人进行理赔报案吗？,特药理赔怎么申请，另外可以为他人进行理赔报案吗,"特药,理赔流程,他人理赔",25%,100%,是,3530ms
合成问题,可以为他人进行理赔报案吗？ + 免赔额不是按年算吗，为什么还,可以为他人进行理赔报案吗，另外免赔额不是按年算吗，为什么还有,"他人理赔,代报案,免赔额定义",25%,33%,是,9339ms
合成问题,免赔额不是按年算吗，为什么还有免赔额 + 日间免赔只自费部分,免赔额不是按年算吗，为什么还有免赔额，另外日间免赔只自费部分,"免赔额定义,免赔额含义,免赔额",25%,46%,是,15361ms
合成问题,日间免赔只自费部分吗，我2024年跟明天俩次手术要分两次赔付,日间免赔只自费部分吗，我2024年跟明天俩次手术要分两次赔付,"免赔额,自付部分,免赔额定义",50%,71%,是,10118ms
合成问题,未达免赔额是什么意思 + 请问免赔额是多少,未达免赔额是什么意思，另外请问免赔额是多少,"免赔额定义,免赔额含义,免赔额金额",50%,80%,是,7717ms
合成问题,请问免赔额是多少 + 我看保单上有门诊手术免赔额是1000元,请问免赔额是多少，另外我看保单上有门诊手术免赔额是1000元,"免赔额金额,免赔额数额,门诊手术",50%,75%,是,10936ms
合成问题,我看保单上有门诊手术免赔额是1000元。 + 快赔系统没带出,我看保单上有门诊手术免赔额是1000元。，另外快赔系统没带出,"门诊手术,免赔额,免赔额",0%,0%,否,1560ms
合成问题,快赔系统没带出来这一段时间的就诊记录，走的传统通道 + 那个,快赔系统没带出来这一段时间的就诊记录，走的传统通道，另外那个,"免赔额,赔付比例,直赔",0%,0%,否,1131ms
合成问题,那个直赔怎么没有报销 + 南京鼓楼医院南部院区住院可以直赔吗,那个直赔怎么没有报销，另外南京鼓楼医院南部院区住院可以直赔吗,"直赔,没有报销,南京鼓楼医院",75%,0%,是,8171ms
合成问题,南京鼓楼医院南部院区住院可以直赔吗？ + 直赔登记怎么登记,南京鼓楼医院南部院区住院可以直赔吗，另外直赔登记怎么登记,"南京鼓楼医院,直赔,直赔登记",75%,100%,是,7088ms
合成问题,直赔登记怎么登记 + 宁惠保的免赔额是如何计算的？,直赔登记怎么登记，另外宁惠保的免赔额是如何计算的,"直赔登记,如何登记,免赔额计算",25%,100%,是,6806ms
合成问题,宁惠保的免赔额是如何计算的？ + 麻烦把家庭被保人陈玉琴也一,宁惠保的免赔额是如何计算的，另外麻烦把家庭被保人陈玉琴也一并,"免赔额计算,免赔额算方法,退保",0%,0%,否,3394ms
合成问题,麻烦把家庭被保人陈玉琴也一并退保 + 如何办理退保手续？,麻烦把家庭被保人陈玉琴也一并退保，另外如何办理退保手续,"退保,家庭成员,退保",50%,0%,是,3206ms
合成问题,如何办理退保手续？ + 如何取消自动续费,如何办理退保手续，另外如何取消自动续费,"退保,取消保险,取消自动续费",50%,100%,是,7274ms
合成问题,如何取消自动续费 + 这款产品的犹豫期有多久？,如何取消自动续费，另外这款产品的犹豫期有多久,"取消自动续费,退保,犹豫期",50%,100%,是,6556ms
合成问题,这款产品的犹豫期有多久？ + 如何取消自动续保,这款产品的犹豫期有多久，另外如何取消自动续保,"犹豫期,冷静期,取消自动续保",50%,100%,是,5927ms
合成问题,如何取消自动续保 + 取消自动续保这个,如何取消自动续保，另外取消自动续保这个,"取消自动续保,关闭续保,取消自动续保",50%,100%,是,5716ms
合成问题,取消自动续保这个 + 退保的费用是怎么计算的？,取消自动续保这个，另外退保的费用是怎么计算的,"取消自动续保,退保,退保",75%,100%,是,9239ms
合成问题,退保的费用是怎么计算的？ + 怎么取消续保功能,退保的费用是怎么计算的，另外怎么取消续保功能,"退保,退款,取消续保",50%,100%,是,5552ms
合成问题,怎么取消续保功能 + 请问门诊双通道的药品可以报销吗？,怎么取消续保功能，另外请问门诊双通道的药品可以报销吗,"取消续保,自动续保,门诊双通道",50%,0%,是,7684ms
合成问题,请问门诊双通道的药品可以报销吗？ + 门特门诊医保可以报销的,请问门诊双通道的药品可以报销吗，另外门特门诊医保可以报销的,"门诊双通道,药品报销,门特门诊",25%,33%,是,8284ms
合成问题,门特门诊医保可以报销的 + 你好我想问下门诊双通道现在也可以,门特门诊医保可以报销的，另外你好我想问下门诊双通道现在也可以,"门特门诊,医保报销,门诊双通道",25%,100%,是,9844ms
合成问题,你好我想问下门诊双通道现在也可以报销吗 + 那我刚才看你们的,你好我想问下门诊双通道现在也可以报销吗，另外那我刚才看你们的,"门诊双通道,是否可报销,门诊",50%,73%,是,9753ms

问题类型,测试数量,准确数量,准确率
标准问题,253,173,68%
相似问题,253,182,72%
合成问题,252,235,93%
总体,758,590,78%