分类,测试类型,标准问题,测试问题,关键词,是否成功,ID匹配,关键词匹配,关键词命中率,最高相似度,匹配问题1,匹配问题2,答案摘要
产品信息,标准问题,免赔额具体金额是多少？,免赔额具体金额是多少？,"免赔额金额,免赔额数额,自付额度",失败,否,否,0%,0.851,请问免赔额是多少,什么是免赔额？免赔额是多少？,升级保障版（150元版本）：①责任一：免赔额1.5至2万元之间赔付10%；2万元以上非既往症赔付90
产品信息,标准问题,全家参保有什么额外好处吗？,全家参保有什么额外好处吗？,"全家参保,家庭共享,多人投保",成功,是,否,33%,0.845,全家参保有什么额外好处吗？,这款产品可以为他人投保吗？,同一投保人为3人及以上直系家庭成员同时购买的，其本人、配偶、父母及子女可分别共享责任一和责任二、三的
产品信息,标准问题,为什么建议您保留自动续保?,为什么建议您保留自动续保?,"自动续保,续保,保障中断",成功,是,是,67%,0.890,为什么建议您保留自动续保?,如何取消自动续保,保障不中断：无需手动记投保时间，划扣成功后直接续接次年保障，避免因忙碌、遗忘导致“保障空窗期”，应对
产品信息,标准问题,这款产品有哪些投保渠道？,这款产品有哪些投保渠道？,"投保渠道,购买途径,线上投保",成功,是,否,33%,0.773,这款产品有哪些投保渠道？,投保这款产品需要满足什么条件？,您好，本产品投保渠道有微保小程序、南京宁惠保公众号、我的南京APP、支付宝APP。 （1）南京市城镇
产品信息,标准问题,申请退保后保费多久到账？,申请退保后保费多久到账？,"退保,退款,保费到账",成功,是,否,33%,0.885,申请退保后保费多久到账？,退保的费用是怎么计算的？,您好，若您在投保期申请退保，退保申请成功后费用将在48小时内到账。保障生效后无法申请退保，若有特殊情
产品信息,标准问题,电子保单什么时候可以查下并下载？,电子保单什么时候可以查下并下载？,"电子保单,下载,查询",成功,是,是,100%,0.867,电子保单什么时候可以查下并下载？,在哪里查询或下载我的保单？,您好，你可于缴费期结束后1个月后在【“南京宁惠保”公众号或“微保”小程序】-我的-保单-保单服务-保
产品信息,标准问题,这款产品的领款人是谁？,这款产品的领款人是谁？,"领款人,被保险人,监护人",成功,是,是,100%,0.718,这款产品的领款人是谁？,这款产品是哪个保险公司承保的？,您好，这款产品的医疗费用领款人是被保险人本人；如果被保险人是未成年人，那么领款人是监护人，需要在理赔
产品信息,标准问题,省外医保人员是否可以参保南京宁惠保？,省外医保人员是否可以参保南京宁惠保？,"省外医保,参保条件,居住证明",成功,是,是,67%,0.890,省外医保人员是否可以参保南京宁惠保？,我是南京医保，可以给省内医保的家人/外地医保的家人参保吗,省外医保人员可以在提供2026年1月1日前已在南京居住或工作证明的情况下参保。居住证明包括居住证、暂
产品信息,标准问题,南京基本医保参保人可以为直系亲属投保宁惠保吗？,南京基本医保参保人可以为直系亲属投保宁惠保吗？,"为亲属投保,直系亲属参保,家庭成员买保险",成功,是,否,0%,0.909,南京基本医保参保人可以为直系亲属投保宁惠保吗？,我是南京医保，可以给省内医保的家人/外地医保的家人参保吗,南京基本医保参保人（包括南京城镇职工医保和城乡居民医保参保人群）可以为其直系亲属投保宁惠保，直系亲属
产品信息,标准问题,续保时需要再次告知身体状况吗,续保时需要再次告知身体状况吗,"续保,告知健康状况,身体情况",成功,是,否,33%,0.922,续保时需要再次告知身体状况吗,续保需要重新填写资料吗？,您好，续保时无需告知身体状况。 您好，续保时系统会保留上年投保信息，无需重新填写全部资料。但需确认：
产品信息,标准问题,续保需要重新填写资料吗？,续保需要重新填写资料吗？,"续保,资料,重新填写",成功,是,是,100%,0.902,续保需要重新填写资料吗？,续保时需要再次告知身体状况吗,您好，续保时系统会保留上年投保信息，无需重新填写全部资料。但需确认：①个人信息是否变更（姓名、身份证
产品信息,标准问题,这款产品的赔付比例是多少？,这款产品的赔付比例是多少？,"赔付比例,报销比例,免赔额",成功,是,是,67%,0.735,这款产品的赔付比例是多少？,这款产品保额是多少？,您好，本产品赔付比例为：
基础保障版（99元版本）
①责任一：免赔额1.5万至2万元之间赔付20%；
产品信息,标准问题,这款产品的等待期/观察期有多久？,这款产品的等待期/观察期有多久？,"等待期,观察期,责任",成功,是,是,67%,0.731,这款产品的等待期/观察期有多久？,这款产品的犹豫期有多久？,您好，这款产品等待期分别为：
基础保障版（99元版本）：责任一、责任二、责任三 无等待期
升级保障版
产品信息,标准问题,去年参保了，今年继续参保有没有什么优待？,去年参保了，今年继续参保有没有什么优待？,"连续参保,续保优惠,未出险",成功,是,是,67%,0.791,去年参保了，今年继续参保有没有什么优待？,这款产品有哪些优待政策吗？,连续两年及以上未中断投保“南京宁惠保”且未出险的，责任二、三赔付比例提升5%(基础版)/责任二、三、
产品信息,标准问题,购买宁惠保是否还需要购买国家基本医疗保险？,购买宁惠保是否还需要购买国家基本医疗保险？,"宁惠保,医保,基本医疗保险",成功,是,是,100%,0.899,购买宁惠保是否还需要购买国家基本医疗保险？,已经购买了其他医疗保障产品，是否还需要购买南京宁惠保？,购买宁惠保并不替代国家基本医疗保险，两者可以同时参保。宁惠保作为补充医疗保障，可对医保外费用进行赔付
产品信息,标准问题,这款产品什么时候生效？,这款产品什么时候生效？,"生效时间,保障开始,什么时候开始",成功,是,否,33%,0.799,这款产品什么时候生效？,这款产品生效时间早于投保时间是否合规？,您好，今年参保的宁惠保，保障是从2026年1月1日开始的，保障一整年。您现在参保，就是为明年的健康做
产品信息,标准问题,这款产品会停售吗？,这款产品会停售吗？,"停售,停止销售,下架",成功,是,否,0%,0.781,这款产品会停售吗？,这款产品可以续保吗？续保规则是什么？,您好，本产品的参保开放时间为即日起至2025年12月31日。在此参保期结束后，您将无法参保。为了保证
产品信息,标准问题,这款产品保费是多少？,这款产品保费是多少？,保费金额,成功,是,否,0%,0.794,这款产品保费是多少？,这款产品保额是多少？,您好，这款产品99元/年保费，升级保障版150元/年保费，还可灵活加购学生、幼儿意外保障25元/年、
产品信息,标准问题,这款产品保障多长时间？,这款产品保障多长时间？,"保障期限,有效期,多长时间",成功,是,否,0%,0.779,这款产品保障多长时间？,这款产品可以续保吗？续保规则是什么？,您好，这款产品保障期1年，2026年1月1日0时至2026年12月31日24时止。 您好，本产品无法
产品信息,标准问题,这款产品保额是多少？,这款产品保额是多少？,"保额,赔付上限,最高赔付",成功,是,否,33%,0.855,这款产品保额是多少？,这款产品保费是多少？,您好，这款产品保额分别为：
基础保障版（99元版本）：共计150万，其中责任一：100万 责任二、三
产品信息,标准问题,这款产品可以为他人投保吗？,这款产品可以为他人投保吗？,"为他人投保,给家人买,帮别人参保",成功,是,否,0%,0.864,这款产品可以为他人投保吗？,投保这款产品需要满足什么条件？,您好，您可以为您本人及近亲属投保，近亲属包括父母、配偶、子女、兄弟姐妹、祖父母、外祖父母、孙子女、外
产品信息,标准问题,这款产品可以续保吗？续保规则是什么？,这款产品可以续保吗？续保规则是什么？,"续保规则,能否续保,每年可否续保",成功,是,否,0%,0.914,这款产品可以续保吗？续保规则是什么？,这款产品会停售吗？,您好，本产品无法保证每年是否可以续保，南京宁惠保是普惠型商业补充医疗保险，承保范围与医保政策衔接，因
产品信息,标准问题,这款产品生效时间早于投保时间是否合规？,这款产品生效时间早于投保时间是否合规？,"生效时间,投保时间,合规",成功,是,是,67%,0.856,这款产品生效时间早于投保时间是否合规？,这款产品什么时候生效？,您好，请您不用担心，本产品是符合监管要求的，这款产品并不是按照投保时间来约定生效日。只要是在投保期参
产品信息,标准问题,这款产品和其他商业险是否有冲突？,这款产品和其他商业险是否有冲突？,"与其他保险冲突,和商业险关系,是否影响其他保险",成功,是,否,0%,0.806,这款产品和其他商业险是否有冲突？,这款产品会停售吗？,您好，这款产品与其他商业险是不冲突的，如果您购买的是重大疾病、身故、伤残类等给付型保险产品完全不受影
产品信息,标准问题,这款产品和医保的区别？,这款产品和医保的区别？,"南京宁惠保,医保区别,医疗补充保险",成功,是,是,67%,0.720,这款产品和医保的区别？,这款产品保障范围是什么？,您好，南京宁惠保是为南京人民量身定制的普惠型医疗补充保险。“南京宁惠保”紧密衔接医保，被保险人因疾病
产品信息,标准问题,这款产品怎么投保？,这款产品怎么投保？,"怎么参保,投保方式,购买方法",失败,否,否,0%,0.788,投保这款产品需要满足什么条件？,这款产品有哪些投保渠道？,（1）南京市城镇职工基本医疗保险和南京市城乡居民基本医疗保险参保人群；
（2）南京基本医保参保人其参
产品信息,标准问题,这款产品是哪个保险公司承保的？,这款产品是哪个保险公司承保的？,"承保公司,保险公司,联合承保",成功,是,否,33%,0.786,这款产品是哪个保险公司承保的？,这款产品保障范围是什么？,您好，本产品由中国人民保险、太平洋财险、中国人寿财险、中华联合财险、中银保险、紫金财险、阳光财险、中
产品信息,标准问题,这款产品有哪些优待政策吗？,这款产品有哪些优待政策吗？,"优待政策,续保优惠,保费减免",成功,是,否,0%,0.739,这款产品有哪些优待政策吗？,这款产品可以续保吗？续保规则是什么？,（1）续保优待：
基础版：连续两年及以上未中断投保“南京宁惠保”且未出险的，责任二、三赔付比例提升5
产品信息,标准问题,去年已购买了“南京宁惠保”，今年还需要重新购买吗？,去年已购买了“南京宁惠保”，今年还需要重新购买吗？,"南京宁惠保,是否需要重新购买,一年期产品",成功,是,是,67%,0.906,去年已购买了“南京宁惠保”，今年还需要重新购买吗？,已经购买了其他产品，是否还需要购买这款产品？,“南京宁惠保”是一年期产品，需要每年投保。现在开放参保的“南京宁惠保”六期，保障时间是2026年1月
产品信息,标准问题,参保有截止日期吗？,参保有截止日期吗？,"截止日期,参保时间,什么时候截止",成功,是,否,33%,0.769,参保有截止日期吗？,这款产品会停售吗？,您好，参保时间是即日起到2025年12月31日，过期就无法参保了。保障明年一整年，建议您尽早办理，别
产品信息,标准问题,什么是“南京宁惠保？,什么是“南京宁惠保？,"南京宁惠保,是什么,政府指导",成功,是,否,33%,0.815,什么是“南京宁惠保？,南京宁惠保六期有哪些保障和优惠政策？,南京宁惠保是由南京市医疗保障局、南京市委金融委员会办公室、南京市民政局、南京市农业农村局、南京市卫生
产品信息,标准问题,可以变更受益人吗,可以变更受益人吗,"变更受益人,修改受益人,指定受益人",成功,是,否,33%,0.873,可以变更受益人吗,参保地变更能赔付吗？,您好，本产品不可变更受益人。 您好，被保险人首次参加基本医疗保险，或在本产品保障期间内中断医保参保缴
产品信息,标准问题,哪些人群可以参保南京宁惠保？,哪些人群可以参保南京宁惠保？,"参保条件,南京宁惠保,医保参保人",成功,是,是,67%,0.864,哪些人群可以参保南京宁惠保？,什么是“南京宁惠保？,南京宁惠保面向南京市基本医疗保险参保人员开放参保，包括城镇职工、城乡居民等。异地参保人员也可通过线上
产品信息,标准问题,哪些人群可以参加南京宁惠保？,哪些人群可以参加南京宁惠保？,"参保对象,近亲属,断保用户",成功,否,是,67%,0.854,哪些人群可以参保南京宁惠保？,什么是“南京宁惠保？,南京宁惠保面向南京市基本医疗保险参保人员开放参保，包括城镇职工、城乡居民等。异地参保人员也可通过线上
产品信息,标准问题,在哪里查询这款产品的条款？,在哪里查询这款产品的条款？,"保险条款,保障内容,合同",成功,是,否,33%,0.759,在哪里查询这款产品的条款？,这款产品免除责任内容在哪里查看？,您好，您可关注【南京宁惠保】微信公众号-【参保入口】-进入参保页面，在参保页面下端查看【保险条款】。
产品信息,标准问题,城市定制型保险/普惠型补充医疗保险是什么？,城市定制型保险/普惠型补充医疗保险是什么？,"城市定制型保险,普惠型补充医疗,政府合作",成功,是,否,33%,0.874,城市定制型保险/普惠型补充医疗保险是什么？,什么是社会基本医疗保险,您好，城市普惠型补充医疗保险是各地政府联合保险公司推出的，立足当地医保政策及群众需求的高性价比报销型
产品信息,标准问题,填写的身份信息会被泄露吗？,填写的身份信息会被泄露吗？,"信息泄露,隐私保护,身份信息",成功,是,否,0%,0.828,填写的身份信息会被泄露吗？,续保需要重新填写资料吗？,您好，我们对您的信息承担保密义务，并仅会在您授权的范围内使用您的信息。同时，为保障您的信息安全，我们
产品信息,标准问题,外籍人士可以投保这款产品吗？,外籍人士可以投保这款产品吗？,"外籍人士,投保资格,外国人参保",成功,是,否,33%,0.809,外籍人士可以投保这款产品吗？,这款产品可以为他人投保吗？,您好，外籍人士无法在线上完成投保。 您好，您可以为您本人及近亲属投保，近亲属包括父母、配偶、子女、兄
产品信息,标准问题,什么是免赔额？免赔额是多少？,什么是免赔额？免赔额是多少？,"免赔额金额,免赔额数额,自付额度",成功,是,否,0%,0.842,什么是免赔额？免赔额是多少？,请问免赔额是多少,您好，免赔额是指注明属于承保范围的索赔金额中，在依据保险单申请相应的保险金前，应当由被保险人自己承担
产品信息,标准问题,如何实现家庭参保共享免赔额，理赔时如何认定为一个家庭？,如何实现家庭参保共享免赔额，理赔时如何认定为一个家庭？,"免赔额共享,家庭免赔额,免赔额合并",成功,是,否,0%,0.907,如何实现家庭参保共享免赔额，理赔时如何认定为一个家庭？,家庭成员如何共享免赔额？需要提供哪些证明材料？,家庭参保共享免赔额是指同一家庭成员共同参保后，可共享免赔额。理赔时，需提供家庭关系证明材料，系统将根
产品信息,标准问题,如何查询自己是否已开通自动续保?,如何查询自己是否已开通自动续保?,"自动续保,查询,是否开通",成功,是,是,67%,0.853,如何查询自己是否已开通自动续保?,为什么建议您保留自动续保?,（1）如您是通过我的南京APP、南京宁惠保公众号参保：可点击“南京宁惠保”公众号菜单栏→【个人中心】
产品信息,标准问题,保单到期后，没有出险保费会返还吗？,保单到期后，没有出险保费会返还吗？,"保单到期,保费返还,消费型保险",成功,是,否,33%,0.869,保单到期后，没有出险保费会返还吗？,退保的费用是怎么计算的？,您好，本产品属于消费型保险， 它的保费相对低廉（每年一百左右），却能提供上百万元的保额，正是因为它是
产品信息,标准问题,宁惠保六期是否支持使用医保个账购买，是否有金额限制，是否支持为家庭成员购买？,宁惠保六期是否支持使用医保个账购买，是否有金额限制，是否支持为家庭成员购买？,"医保个账,购买,金额限制",成功,是,是,100%,0.916,宁惠保六期是否支持使用医保个账购买，是否有金额限制，是否支持,南京宁惠保六期有哪些保障和优惠政策？,宁惠保六期支持使用医保个账购买，且医保个账可为近亲属购买。关于医保个账内最低金额限制，具体以官方规定
产品信息,标准问题,什么是等待期,什么是等待期,"等待期,观察期,免责期",成功,是,否,33%,0.615,什么是等待期,这款产品的等待期/观察期有多久？,您好，等待期是指自本保险合同起始时间起计算的一段时间（该时间以保险合同载明为准；若保险合同未载明则该
产品信息,标准问题,宁惠保的赔付标准是什么？,宁惠保的赔付标准是什么？,"宁惠保,赔付标准,报销比例",失败,否,否,33%,0.808,宁惠保的免赔额是如何计算的？,想请问下理赔的金额？,宁惠保设有免赔额，分为医保范围内个人自付和医保范围外个人自费两部分。医保范围内个人自付的免赔额为1.
产品信息,标准问题,家庭成员如何共享免赔额？需要提供哪些证明材料？,家庭成员如何共享免赔额？需要提供哪些证明材料？,"免赔额共享,家庭免赔额,免赔额合并",成功,是,否,0%,0.873,家庭成员如何共享免赔额？需要提供哪些证明材料？,如何实现家庭参保共享免赔额，理赔时如何认定为一个家庭？,家庭成员可通过家庭参保共享免赔额，具体需提供家庭关系证明材料，如户口本、结婚证等，以确认家庭成员关系
产品信息,标准问题,家庭成员是否可以共享免赔额？,家庭成员是否可以共享免赔额？,"免赔额共享,家庭免赔额,免赔额合并",成功,是,否,0%,0.880,家庭成员是否可以共享免赔额？,家庭成员如何共享免赔额？需要提供哪些证明材料？,家庭成员可以共享免赔额，但需满足以下条件：同一投保人投保自己的直系亲属（父母、配偶、子女），且家庭成
产品信息,标准问题,已经划扣，需要取消，如何操作退费?,已经划扣，需要取消，如何操作退费?,"退保,取消保险,退款",成功,是,否,33%,0.832,已经划扣，需要取消，如何操作退费?,我想取消自动投保,如您需要退费，可以在保单生效前(2026公众号年1月1日前)，（1）在“南京宁惠保”菜单栏【个人中心
产品信息,标准问题,已经购买了其他产品，是否还需要购买这款产品？,已经购买了其他产品，是否还需要购买这款产品？,"重复购买,其他产品,是否需要",成功,是,否,0%,0.720,已经购买了其他产品，是否还需要购买这款产品？,这款产品可以重复报销吗？,您好，南京宁惠保是南京市民专属的报销型补充医疗保险产品，和确诊即赔的重疾险是相互补充的，重疾险搭配南
产品信息,标准问题,已经购买了其他医疗保障产品，是否还需要购买南京宁惠保？,已经购买了其他医疗保障产品，是否还需要购买南京宁惠保？,"已有医疗保障,是否还需,叠加保障",成功,是,否,0%,0.892,已经购买了其他医疗保障产品，是否还需要购买南京宁惠保？,已经购买了其他产品，是否还需要购买这款产品？,即使已购买其他医疗保障产品，仍建议购买南京宁惠保，因其提供双通道门诊用药报销、医保外费用免赔额降低、
产品信息,标准问题,开通了自动续保后会从哪些渠道划扣?,开通了自动续保后会从哪些渠道划扣?,"自动续保,划扣渠道,支付方式",成功,是,否,33%,0.900,开通了自动续保后会从哪些渠道划扣?,这个自动续保我都不知道怎么就自动续保了？能取消订单吗,将从您去年参保“南京宁惠保”五期时的支付渠道自动划扣，如您去年是使用医保个人账户支付，那么今年依然会
产品信息,标准问题,今年还可以用医保个账支付保费吗？,今年还可以用医保个账支付保费吗？,"医保个账,个人账户,医保余额",成功,是,是,67%,0.870,今年还可以用医保个账支付保费吗？,宁惠保六期是否支持使用医保个账购买，是否有金额限制，是否支持,可以的，支持使用医保个账余额为符合参保条件的本人、配偶、父母、子女支付保费，南京职工医保参保人还可用
产品信息,标准问题,与去年相比，“南京宁惠保”六期的保障有变化吗？,与去年相比，“南京宁惠保”六期的保障有变化吗？,"南京宁惠保,六期,保障变化",成功,是,是,67%,0.882,与去年相比，“南京宁惠保”六期的保障有变化吗？,南京宁惠保六期有哪些保障和优惠政策？,一是新增了门诊用药可赔。升级版责任一，将住院期间和通过“双通道”在门诊（含定点零售药店）使用国家谈判
产品信息,标准问题,怎么为家人激活电子医保凭证？,怎么为家人激活电子医保凭证？,"激活医保凭证,电子医保卡,微信激活",成功,是,否,0%,0.840,怎么为家人激活电子医保凭证？,在哪里查询或下载我的保单？,激活医保电子凭证需要使用本人实名的微信号，同时绑定本人的银行卡才可以成功激活，所以每个微信账号只能激
产品信息,标准问题,怎么查询或下载发票？,怎么查询或下载发票？,"发票,电子发票,下载发票",成功,是,是,67%,0.777,怎么查询或下载发票？,宁惠保电子保单怎么下载？,您好，目前宁惠保参保后是可以提供电子发票。如有需求，我们为您登记后预计3个工作日发送。给您带来不便，
产品信息,标准问题,投保后，为什么一直显示出单中？,投保后，为什么一直显示出单中？,"出单中,状态,审核",成功,是,是,100%,0.916,投保后，为什么一直显示出单中？,投保后提供纸质保单还是电子保单？,您好，别担心，“出单中”是正常状态。因为保障是2026年1月1日才开始，保险公司正在审核中。等参保材
产品信息,标准问题,我是南京医保，可以给省内医保的家人/外地医保的家人参保吗,我是南京医保，可以给省内医保的家人/外地医保的家人参保吗,"南京医保,家人参保,外地医保",成功,是,否,33%,0.932,我是南京医保，可以给省内医保的家人/外地医保的家人参保吗,南京基本医保参保人可以为直系亲属投保宁惠保吗？,可以参保。如果是江苏省内医保的家人，可以直接为他们参保；如果家人是外地医保，有两种情况可以为他们直接
产品信息,标准问题,投保后提供纸质保单还是电子保单？,投保后提供纸质保单还是电子保单？,"电子保单,纸质保单,凭证",成功,是,是,67%,0.885,投保后提供纸质保单还是电子保单？,在哪里查询或下载我的保单？,您好，为倡导绿色环保本产品提供的是电子参保凭证。 您好，我们给您提供电子保单，保单生效后可通过【南京
产品信息,标准问题,投保这款产品需要满足什么条件？,投保这款产品需要满足什么条件？,"投保条件,参保要求,购买资格",成功,是,否,0%,0.813,投保这款产品需要满足什么条件？,投保这款产品是否需要健康告知/体检？,（1）南京市城镇职工基本医疗保险和南京市城乡居民基本医疗保险参保人群；
（2）南京基本医保参保人其参
产品信息,标准问题,为什么价格这么优惠？,为什么价格这么优惠？,价格优惠原因,成功,是,否,0%,0.846,为什么价格这么优惠？,这款产品有哪些优待政策吗？,您好，因为“南京宁惠保”是由政府牵头，由南京市医疗保障局、南京市委金融委员会办公室、南京市民政局、南
产品信息,标准问题,退休后，可以投保本产品吗？,退休后，可以投保本产品吗？,"退休,投保,购买",成功,是,是,67%,0.862,退休后，可以投保本产品吗？,这款产品会停售吗？,您好，满足投保条件的退休人员可以投保本产品。 您好，本产品的参保开放时间为即日起至2025年12月3
产品信息,标准问题,是否可以带病投保？,是否可以带病投保？,"带病投保,可以买保险吗,已有疾病参保",成功,是,否,0%,0.810,是否可以带病投保？,投保这款产品是否需要健康告知/体检？,可以的，但需要注意的是，参保人在产品生效前如已患有约定的六种疾病或已存在这六种疾病的病前症状，并因此
产品信息,标准问题,暂时不需要自动续保“南京宁惠保六期，如何取消?,暂时不需要自动续保“南京宁惠保六期，如何取消?,"取消自动续保,关闭续保服务,宁惠保六期",成功,是,否,33%,0.910,暂时不需要自动续保“南京宁惠保六期，如何取消?,怎么取消续保功能,（1）如您是通过我的南京APP、南京宁惠保公众号参保：可点击“南京宁惠保”公众号菜单栏→【个人中心】
产品信息,标准问题,有社保和无社保投保有什么区别,有社保和无社保投保有什么区别,"有社保和无社保区别,参保条件,是否必须有医保",成功,是,否,0%,0.826,有社保和无社保投保有什么区别,什么是医保身份？,您好，无社保是不可参保南京宁惠保的。条款中约定部分除外。 您好，“医保”指的就是社会医疗保险（简称医
产品信息,标准问题,为什么保单上没有保险公司的盖章？,为什么保单上没有保险公司的盖章？,"保单,盖章,公章",成功,是,是,67%,0.878,为什么保单上没有保险公司的盖章？,投保后提供纸质保单还是电子保单？,您好，我们给您提供电子参保凭证上是有承保保险公司的公章的，请您放心。您可在保单生效后通过【南京宁惠保
产品信息,标准问题,预留手机号可以修改吗？如何修改？,预留手机号可以修改吗？如何修改？,"手机号,修改,预留信息",成功,是,是,67%,0.832,预留手机号可以修改吗？如何修改？,可以变更受益人吗,您好，预留手机号可以修改。修改方式：关注【南京宁惠保】微信公众号 → 个人中心 → 个人信息 → 修
产品信息,标准问题,投保这款产品是否需要健康告知/体检？,投保这款产品是否需要健康告知/体检？,"健康告知,体检,是否需要",成功,是,是,67%,0.896,投保这款产品是否需要健康告知/体检？,续保时需要再次告知身体状况吗,您好，这款产品不需要健康告知，也不需要体检。 您好，续保时无需告知身体状况。 （1）南京市城镇职工基
产品信息,标准问题,非南京户籍人员是否可以购买南京宁惠保？,非南京户籍人员是否可以购买南京宁惠保？,"南京宁惠保,非户籍,购买条件",成功,是,否,33%,0.894,非南京户籍人员是否可以购买南京宁惠保？,省外医保人员是否可以参保南京宁惠保？,非南京户籍人员也可以购买南京宁惠保，但需满足一定条件。如果由子女作为投保人购买，父母无需在南京居住或
住院保障,标准问题,谁没事整天住院？,谁没事整天住院？,"住院频率,住院次数,住院问题",成功,是,否,0%,0.731,谁没事整天住院？,现在住院自费太高，自费加起来2万才报吗,24年：免赔额是年度内累计的（基础版99）①责任一 医保范围内个人自付：免赔额 1.8万， 1.8万
住院保障,标准问题,可以延期么？我父母在南京住院现在已经回老家了，办理文件不方便,可以延期么？我父母在南京住院现在已经回老家了，办理文件不方便,"延期,住院文件,办理不便",成功,是,否,0%,0.917,可以延期么？我父母在南京住院现在已经回老家了，办理文件不方便,25年12月住院，26年1月1号出院，怎么在查询时看不到25,升级保障版（150元版本）：①责任一：免赔额1.5至2万元之间赔付10%；2万元以上非既往症赔付90
住院保障,标准问题,是多次住院累计报销额超过多少可以报销,是多次住院累计报销额超过多少可以报销,"多次住院,累计免赔额,报销门槛",成功,是,否,0%,0.876,是多次住院累计报销额超过多少可以报销,现在住院自费太高，自费加起来2万才报吗,25年：免赔额是年度内累计的不区分单次多次（基础版99）①责任一 医保范围内个人自付：免赔额 1.5
住院保障,标准问题,住院总费用1.3万，自费4千,住院总费用1.3万，自费4千,"住院费用自费,赔付比例",成功,是,是,50%,0.839,住院总费用1.3万，自费4千,现在住院自费太高，自费加起来2万才报吗,24年：免赔额是年度内累计的（基础版99） ①责任一 医保范围内个人自付：免赔额 1.8万， 1.8
住院保障,标准问题,现在住院自费太高，自费加起来2万才报吗,现在住院自费太高，自费加起来2万才报吗,"住院自费,年度累计",成功,是,否,0%,0.894,现在住院自费太高，自费加起来2万才报吗,住院总费用1.3万，自费4千,24年：免赔额是年度内累计的（基础版99）①责任一 医保范围内个人自付：免赔额 1.8万， 1.8万
保单服务,标准问题,在哪里查询或下载我的保单？,在哪里查询或下载我的保单？,"下载,保单,电子凭证",成功,是,是,100%,0.862,在哪里查询或下载我的保单？,哪里可以查看我的保单,您好，我们给您提供电子保单，保单生效后可通过【南京宁惠保】微信公众号-【我的服务】-【我的保单】，选
保单服务,标准问题,能查到我的保单么,能查到我的保单么,"保单,查询,查看",成功,是,是,67%,0.868,能查到我的保单么,哪里可以查看我的保单,升级版：责任一：医保范围内医疗保障100万元 免赔额：1.45至2万元之间 非既往症人群50%，既往
保单服务,标准问题,25年12月住院，26年1月1号出院，怎么在查询时看不到25年这单，而且选择日期,25年12月住院，26年1月1号出院，怎么在查询时看不到25年这单，而且选择日期上也没有26年月份选,"跨年住院,报销,入院时间",成功,是,否,33%,0.869,25年12月住院，26年1月1号出院，怎么在查询时看不到25,理赔金额为什么按年度计算而不是按治疗周期？,以入院时间为准，入院在哪一年就在哪一年申请理赔。跨年费用理赔 ：按照住院时间算25年有保单的话，25
保单服务,标准问题,如何咨询关于南京宁惠保的参保问题？,如何咨询关于南京宁惠保的参保问题？,"咨询参保,购买问题,投保疑问",成功,是,否,0%,0.879,如何咨询关于南京宁惠保的参保问题？,这款产品怎么投保？,您可以通过拨打咨询电话，或在问题列表中选择相关问题，若无所需问题，请输入“人工”，由人工客服为您解答
保单查询,标准问题,保单号可以空着吗,保单号可以空着吗,"保单号,填写要求,是否必填",成功,是,否,0%,0.858,保单号可以空着吗,投保这款产品是否需要健康告知/体检？,25年：免赔额是年度内累计的（基础版99）①责任一 医保范围内个人自付：免赔额 1.5万， 1.5万
保单查询,标准问题,宁惠保电子保单怎么下载？,宁惠保电子保单怎么下载？,"宁惠保,电子保单,下载",成功,是,是,67%,0.880,宁惠保电子保单怎么下载？,怎么查询或下载发票？,您好，下载保单或发票的步骤：一、公众号下载：关注微信公众号江苏人保财险—个性主页—中国人保-我的-我
保单查询,标准问题,这个自动续保我都不知道怎么就自动续保了？能取消订单吗,这个自动续保我都不知道怎么就自动续保了？能取消订单吗,"自动续保,取消订单,退保",成功,是,否,33%,0.916,这个自动续保我都不知道怎么就自动续保了？能取消订单吗,如何取消自动续保,取消自动续保：①【我的南京APP】或微信服务号【南京宁惠保】“个人中心”--“我的保单”页面找到需要
保单查询,标准问题,哪里可以查看我的保单,哪里可以查看我的保单,"保单,查看,凭证",成功,是,是,100%,0.877,哪里可以查看我的保单,能查到我的保单么,取消自动续保：①【我的南京APP】或微信公众号【南京宁惠保】“个人中心”--“我的保单”页面找到需要
保障范围,标准问题,门诊日间手术可以理赔吗？有哪些病种？,门诊日间手术可以理赔吗？有哪些病种？,"日间手术,理赔,病种",成功,是,是,100%,0.893,门诊日间手术可以理赔吗？有哪些病种？,请问门诊手术可以理赔吗,您好，患有门诊日间手术病种清单中的疾病，在医院的门诊日间手术病房进行手术，并且是按照门诊日间手术医疗
保障范围,标准问题,双通道门诊用药如何报销,双通道门诊用药如何报销,"双通道,门诊用药,报销",成功,否,是,100%,0.862,请问门诊双通道的药品可以报销吗？,双通道门诊用药如何报销,24年：免赔额是年度内累计的（基础版99） ①责任一 医保范围内个人自付：免赔额 1.8万， 1.8
保障范围,标准问题,什么情况下可以申请宁惠保理赔？,什么情况下可以申请宁惠保理赔？,"宁惠保理赔,申请条件,住院费用",成功,否,是,67%,0.835,宁惠保的理赔条件是什么？,什么情况下可以申请宁惠保理赔？,宁惠保的理赔范围包括住院和门特、门诊大病类型的门诊费用，经医保结算之后，剩余的费用按不同责任理赔，超
保障范围,标准问题,去年投保了，今年投保，去年确认恶性肿瘤，算既往症吗？,去年投保了，今年投保，去年确认恶性肿瘤，算既往症吗？,"既往症,老毛病,恶性肿瘤",成功,是,是,67%,0.913,去年投保了，今年投保，去年确认恶性肿瘤，算既往症吗？,怎么判断既往症？,您好，连续参保情况下，如果您是产品生效期间确诊产品的既往症病种，也是属于非既往症，建议您连续参保 关
保障范围,标准问题,如何申请特药理赔？,如何申请特药理赔？,"特药理赔,特效药,靶向药",失败,否,否,33%,0.849,特药理赔怎么申请？,如何申请特药理赔？,您好，特药理赔申请路径：1.【南京宁惠保】公众号：理赔服务—理赔申请—特药理赔；2.【我的南京】AP
保障范围,标准问题,狂犬疫苗费用是否可以报销,狂犬疫苗费用是否可以报销,"狂犬疫苗,报销,理赔范围",成功,是,是,100%,0.809,狂犬疫苗费用是否可以报销,脑梗、脑出血可以报销吗？,狂犬疫苗费用不在宁惠保理赔范围内。宁惠保理赔范围包括住院和门特、门诊大病类型的门诊费用，经医保结算后
保障范围,标准问题,急诊费用是否可以报销？,急诊费用是否可以报销？,"急诊报销,门诊费用,理赔范围",成功,是,是,67%,0.831,急诊费用是否可以报销？,你好我想问下门诊双通道现在也可以报销吗,急诊费用不在保障范围内，宁惠保理赔范围包括住院、门特及门诊大病类型的门诊费用，经医保结算后剩余费用按
保障范围,标准问题,那之前门诊拍片子之类的算么？,那之前门诊拍片子之类的算么？,"门诊,免赔额,报销",成功,是,是,67%,0.804,那之前门诊拍片子之类的算么？,那我刚才看你们的宣传说门诊看的也可以报，那是什么东西,26年：免赔额是年度内累计的（基础版99）①责任一：(住院/门特/门诊大病+住院期间经医保结算的双通
保障范围,标准问题,中草药费用报销吗？,中草药费用报销吗？,"中草药,费用,报销",成功,是,是,100%,0.812,中草药费用报销吗？,进口药、自费药可以报销吗,您好，不符合当地医保范围的中草药类费用是不报销的，一般指营养滋补作用的单方、复方中药或中成药品，包括
保障范围,标准问题,哪些疾病可以理赔？,哪些疾病可以理赔？,"理赔,疾病,报销",成功,是,是,67%,0.830,哪些疾病可以理赔？,门诊日间手术可以理赔吗？有哪些病种？,具体可理赔的疾病范围请参考保险条款中的疾病保障内容，建议您仔细阅读相关保险合同或咨询保险公司获取详细
保障范围,标准问题,本产品既往症具体有哪些？,本产品既往症具体有哪些？,"既往症有哪些,老毛病范围,已有疾病",成功,是,否,0%,0.685,本产品既往症具体有哪些？,对于既往症是什么政策啊,您好，本产品约定6种重大疾病为：
①恶性肿瘤；
②肾功能不全；
③肝硬化、肝功能不全；
④缺血性心脏
保障范围,标准问题,住院报销需要哪些材料？,住院报销需要哪些材料？,"住院,报销,材料",成功,是,是,100%,0.869,住院报销需要哪些材料？,住院材料需要哪些？,住院报销所需材料包括：住院发票、出院小结或出院记录、住院费用明细清单（需左上角标注‘南京市’，名称为
保障范围,标准问题,这款产品可以重复报销吗？,这款产品可以重复报销吗？,"重复报销,多份无效,只能买一份",成功,是,是,67%,0.857,这款产品可以重复报销吗？,这款产品可以续保吗？续保规则是什么？,您好，这款产品是不可以重复报销的，同一被保险人在一个参保年度只能购买一份，购买多份无效，请您见谅。 
保障范围,标准问题,宁惠保是否包含意外险,宁惠保是否包含意外险,"意外险,主险,附加险",成功,是,是,100%,0.841,宁惠保是否包含意外险,这款产品是哪个保险公司承保的？,宁惠保主险不包含意外险，但可加购附加险。少儿意外险25元/年，中老年意外险70元/年。已购买主险的用
保障范围,标准问题,宁惠保是否可以报销住院费用？,宁惠保是否可以报销住院费用？,宁惠保住院报销,成功,是,否,0%,0.867,宁惠保是否可以报销住院费用？,宁惠保理赔范围包括哪些类型费用？,宁惠保对住院费用的报销需满足免赔额条件。2025年宁惠保设有两个免赔额：责任一（医保目录内个人自付部
保障范围,标准问题,宁惠保理赔中哪些情况符合药房购药的理赔条件？,宁惠保理赔中哪些情况符合药房购药的理赔条件？,"宁惠保,药房购药,理赔条件",成功,是,是,100%,0.875,宁惠保理赔中哪些情况符合药房购药的理赔条件？,如何申请特药理赔？,宁惠保理赔中，符合药房购药理赔条件的情况包括：①在定点药房购药且享受门特/门诊大病待遇的购药行为；②
保障范围,标准问题,宁惠保理赔范围包括哪些类型费用？,宁惠保理赔范围包括哪些类型费用？,"宁惠保,理赔范围,保障内容",成功,是,是,67%,0.868,宁惠保理赔范围包括哪些类型费用？,宁惠保的理赔范围包括哪些类型费用？,宁惠保理赔范围包括住院和门特、门诊大病类型的门诊费用，经医保结算之后，剩余的费用达到免赔额的可以申请
保障范围,标准问题,宁惠保理赔范围是什么？,宁惠保理赔范围是什么？,"宁惠保,理赔范围,保障范围",成功,否,是,100%,0.828,宁惠保理赔范围包括哪些类型费用？,宁惠保理赔范围是什么？,宁惠保理赔范围包括住院和门特、门诊大病类型的门诊费用，经医保结算之后，剩余的费用达到免赔额的可以申请
保障范围,标准问题,进口药、自费药可以报销吗,进口药、自费药可以报销吗,"进口药,自费药,报销",成功,是,是,100%,0.881,进口药、自费药可以报销吗,请问门诊双通道的药品可以报销吗？,“您好，进口药、自费药在符合规定的情况下是可以报销的。
基础版：住院或门特/门大病使用的医保目录内进
保障范围,标准问题,普通门诊费用是否可以报销？,普通门诊费用是否可以报销？,"普通门诊,门诊费用,能否报销",成功,是,否,33%,0.860,普通门诊费用是否可以报销？,那我刚才看你们的宣传说门诊看的也可以报，那是什么东西,门诊只保障门诊特殊病和门诊大病，经医保结算后的金额。符合门特/门诊大病的病种，且享受门特/门诊大病的
保障范围,标准问题,脑梗、脑出血可以报销吗？,脑梗、脑出血可以报销吗？,"脑梗,脑出血,住院报销",成功,是,是,67%,0.886,脑梗、脑出血可以报销吗？,住院手术费用是否可以报销,您好，南京宁惠保不限病种，只要是住院期间产生的合理医疗费用，符合保障责任范围的都可以报销。脑梗、脑出
保障范围,标准问题,哪里可以查询医保定点医院？,哪里可以查询医保定点医院？,"医保,定点医院,查询",成功,是,是,100%,0.875,哪里可以查询医保定点医院？,什么是社会保险定点医院？,您好，您通过微信【我】-【支付】-【医疗健康】-【我的】-【国家医保电子凭证】-【医保公共服务查询】
保障范围,标准问题,国外的住院医疗费用本产品可以理赔吗？,国外的住院医疗费用本产品可以理赔吗？,"国外,住院费用,理赔",成功,是,否,33%,0.893,国外的住院医疗费用本产品可以理赔吗？,进口药、自费药可以报销吗,您好，很抱歉，对于被保险人在中华人民共和国领土以外的国家或者地区，以及香港特别行政区、澳门特别行政区
保障范围,标准问题,哪些情况不赔付？除外责任是什么？,哪些情况不赔付？除外责任是什么？,"不赔付,除外责任,免责条款",成功,是,否,33%,0.740,哪些情况不赔付？除外责任是什么？,这款产品免除责任内容在哪里查看？,您好，不赔付的情况在【保险条款】-免除责任里有详细说明。您可以关注【南京宁惠保】微信公众号，在参保页
保障范围,标准问题,住院手术费用是否可以报销,住院手术费用是否可以报销,"住院手术,门诊大病,门特",成功,是,是,67%,0.841,住院手术费用是否可以报销,手术费用是否可以理赔,宁惠保理赔范围包括住院和门特、门诊大病类型的门诊费用，经医保结算之后，剩余的费用按不同责任理赔，超过
保障范围,标准问题,住院费用是否可以报销？如何申请？,住院费用是否可以报销？如何申请？,"住院费用,是否可以报销,理赔流程",成功,是,是,67%,0.840,住院费用是否可以报销？如何申请？,住院手术费用是否可以报销,可以申请理赔。理赔流程为：1.通过『我的南京』APP-我的-南京宁惠保，或2.南京宁惠保微信公众号，
保障范围,标准问题,基因检测费用是否可以报销？,基因检测费用是否可以报销？,"基因检测,费用报销,住院清单",成功,是,否,0%,0.828,基因检测费用是否可以报销？,门诊检查费用是否可以报销？,在住院费用清单内的可以报销，不在住院费用清单内的不报销。宁惠保理赔范围包括住院和门特、门诊大病类型的
保障范围,标准问题,手术费用是否可以理赔,手术费用是否可以理赔,手术费理赔,成功,是,否,0%,0.860,手术费用是否可以理赔,请问门诊手术可以理赔吗,本产品保障被保险人在保单年度内因疾病或意外导致的住院、门特、门诊大病费用，经医保报销后，达到免赔额后
保障范围,标准问题,意外可以赔付吗？,意外可以赔付吗？,"意外,赔付,报销",成功,是,是,100%,0.795,意外可以赔付吗？,医保报销后个人自付和自费费用如何赔付？,您好，因意外导致的符合南京市医保支付范围内外的住院医疗费用可以申请赔付。 住院/门特/门诊大病，经过
保障范围,标准问题,门诊费用是否可以报销？,门诊费用是否可以报销？,"门诊费用,报销,保障内容",失败,否,否,33%,0.850,那我刚才看你们的宣传说门诊看的也可以报，那是什么东西,你好我想问下门诊双通道现在也可以报销吗,24年：免赔额是年度内累计的（基础版99）①责任一 医保范围内个人自付：免赔额 1.8万， 1.8万
保障范围,标准问题,门诊看病是否可以报销,门诊看病是否可以报销,"门诊看病,报销,门特",成功,是,是,67%,0.869,门诊看病是否可以报销,那我刚才看你们的宣传说门诊看的也可以报，那是什么东西,门诊仅保障门诊特殊病和门诊大病，经医保结算后的金额。符合门特/门诊大病的病种，且享受门特/门诊大病的
保障范围,标准问题,门诊检查费用是否可以报销？,门诊检查费用是否可以报销？,"门诊检查,报销,费用",成功,是,是,67%,0.866,门诊检查费用是否可以报销？,那我刚才看你们的宣传说门诊看的也可以报，那是什么东西,普通门诊和门诊急诊的费用不在保障范围内，无法报销。宁惠保理赔范围包括住院和门特、门诊大病类型的门诊费
保障范围,标准问题,宁惠保的理赔范围包括哪些类型费用？,宁惠保的理赔范围包括哪些类型费用？,"宁惠保,理赔范围,报销类型",成功,否,是,67%,0.870,宁惠保理赔范围包括哪些类型费用？,宁惠保的理赔范围包括哪些类型费用？,宁惠保理赔范围包括住院和门特、门诊大病类型的门诊费用，经医保结算之后，剩余的费用达到免赔额的可以申请
保障范围,标准问题,痔疮手术是否可以理赔,痔疮手术是否可以理赔,"痔疮手术,理赔,日间手术",成功,是,是,100%,0.851,痔疮手术是否可以理赔,请问门诊手术可以理赔吗,痔疮手术是否可以理赔，需根据具体情况进行判断。若属于日间手术病种（20种）且享受了日间手术医保待遇，
保障范围,标准问题,这款产品保障范围是什么？,这款产品保障范围是什么？,"保障范围,保什么,覆盖内容",成功,是,否,0%,0.762,这款产品保障范围是什么？,这款产品可以续保吗？续保规则是什么？,您好，本产品保险范围主要为：
基础保障版（99元版本）：
责任一：医保范围内医疗保障。保障期间内，被
保障范围,标准问题,种植牙是否可以报销,种植牙是否可以报销,"种植牙,报销范围,赔付内容",成功,是,是,67%,0.819,种植牙是否可以报销,你好我想问下门诊双通道现在也可以报销吗,根据“南京宁惠保”保障内容，具体报销范围需以保险条款为准，建议咨询保险公司或查看保障细则确认种植牙是
保障范围,标准问题,门诊手术是否可以报销,门诊手术是否可以报销,"门诊手术,报销条件,日间手术",成功,否,是,67%,0.836,住院手术费用是否可以报销,门诊手术是否可以报销,宁惠保理赔范围包括住院和门特、门诊大病类型的门诊费用，经医保结算之后，剩余的费用按不同责任理赔，超过
保障范围,标准问题,南京宁惠保六期有哪些保障和优惠政策？,南京宁惠保六期有哪些保障和优惠政策？,"宁惠保六期保障,宁惠保内容,优惠条款",成功,是,否,0%,0.893,南京宁惠保六期有哪些保障和优惠政策？,与去年相比，“南京宁惠保”六期的保障有变化吗？,南京宁惠保六期【限时补缴通道】已开启，提供双通道门诊用药可赔、医保外费用免赔额降低、海内外特药数量增
保障范围,标准问题,南京宁惠保是否覆盖门诊治疗？,南京宁惠保是否覆盖门诊治疗？,"南京宁惠保,门诊治疗,保障范围",成功,是,是,100%,0.883,南京宁惠保是否覆盖门诊治疗？,宁惠保理赔范围包括哪些类型费用？,南京宁惠保仅保障住院、门诊特殊病、门诊大病及150元升级版保障的日间门诊手术，这些门诊治疗类别需在医
保障范围,标准问题,“南京宁惠保”六期不能报销什么病种？,“南京宁惠保”六期不能报销什么病种？,"南京宁惠保,六期,不报销",成功,是,是,67%,0.899,“南京宁惠保”六期不能报销什么病种？,南京宁惠保是否覆盖门诊治疗？,不限病种，只要符合“南京宁惠保”六期保障责任范围内及理赔条件的医疗费用可以报销 南京宁惠保仅保障住院
保障范围,标准问题,门特和门诊大病是什么？怎么办理？,门特和门诊大病是什么？怎么办理？,"门特,门诊大病,办理流程",成功,是,是,67%,0.794,门特和门诊大病是什么？怎么办理？,什么是门诊大病？,您好，门特和门诊大病是医保划分的一些疾病类别，需要到医院医保办咨询是否符合门特或门诊大病的病种。如符
保障范围,标准问题,这款产品免除责任内容在哪里查看？,这款产品免除责任内容在哪里查看？,"免除责任,免责内容,不保什么",成功,是,否,33%,0.781,这款产品免除责任内容在哪里查看？,这款产品的等待期/观察期有多久？,您好，这款产品免除责任内容可关注【南京宁惠保】微信公众号-【参保入口】-进入参保页面，在参保页面下端
保障范围,标准问题,生孩子的费用能报销吗？,生孩子的费用能报销吗？,"生育费用,生孩子报销,产检费用",成功,是,否,0%,0.858,生孩子的费用能报销吗？,脑梗、脑出血可以报销吗？,您好，生育发生的医疗费用为本产品的除外责任，不能予以理赔，您可关注【南京宁惠保】微信公众号-进入参保
保障范围,标准问题,门诊日间手术包含哪些内容？,门诊日间手术包含哪些内容？,"门诊,报销,理赔",成功,是,是,100%,0.771,门诊日间手术包含哪些内容？,门诊日间手术可以理赔吗？有哪些病种？,目前‘南京宁惠保’六期暂未提及具体门诊日间手术内容，建议您关注官方发布的详细保障范围或咨询客服获取最
保障范围,标准问题,甲状腺手术费用是否可以报销,甲状腺手术费用是否可以报销,"甲状腺手术,报销,理赔",成功,是,是,67%,0.823,甲状腺手术费用是否可以报销,住院手术费用是否可以报销,住院费用经过医保结算之后可以申请理赔的，过了免赔额之后会有赔付的。理赔流程：1.我的南京app-我的
保障范围,标准问题,什么是责任一、责任二、责任三？各保障什么？,什么是责任一、责任二、责任三？各保障什么？,"责任一,责任二,责任三",成功,是,是,100%,0.777,什么是责任一、责任二、责任三？各保障什么？,这款产品的赔付比例是多少？,您好，南京宁惠保保障责任如下：

【责任一】医保范围内医疗保障：住院/门特/门诊大病经医保报销后，个
其他问题,标准问题,如何申请南京宁惠保医疗理赔？,如何申请南京宁惠保医疗理赔？,"理赔申请,医疗理赔,报销",成功,是,是,67%,0.884,如何申请南京宁惠保医疗理赔？,如何进行南京宁惠保的理赔操作？,您可以通过南京APP或南京宁惠保微信公众号进行理赔申请。具体步骤为：进入个人中心—理赔服务—申请理赔
其他问题,标准问题,理赔金额是如何计算的？,理赔金额是如何计算的？,"理赔金额,计算方式,医保后赔付",失败,否,否,33%,0.790,想请问下理赔的金额？,理赔金额是如何计算的？,25年25年：免赔额是年度内累计的（基础版99）①责任一 医保范围内个人自付：免赔额 1.5万， 1
其他问题,标准问题,当地医保局电话多少？,当地医保局电话多少？,"医保局电话,当地医保咨询,医保热线",成功,是,否,33%,0.850,当地医保局电话多少？,人工客服电话是多少？,您好，当地医保咨询电话为025-12393。 您好，可拨打咨询电话4000040181咨询。 您好，
其他问题,标准问题,其他城市什么时候上线？,其他城市什么时候上线？,"上线时间,城市覆盖,地区开通",成功,是,否,0%,0.813,其他城市什么时候上线？,这款产品什么时候生效？,您好，我们正在积极与各地政府沟通产品方案，希望尽快给各地用户提供此类普惠补充医疗产品。敬请期待！ 您
其他问题,标准问题,如何处理已投保但单位已为其办理团险的情况？,如何处理已投保但单位已为其办理团险的情况？,"团险重复,单位已参保,退款登记",成功,是,否,33%,0.817,如何处理已投保但单位已为其办理团险的情况？,麻烦把家庭被保人陈玉琴也一并退保,如果系统检测到您为他人投保的“南京宁惠保”六期产品，其所在单位已为其办理了团险，您可前往“南京宁惠保
客服渠道,标准问题,如有问题，去哪儿咨询？,如有问题，去哪儿咨询？,"咨询,客服,联系方式",成功,是,是,67%,0.702,如有问题，去哪儿咨询？,人工客服电话是多少？,关于“南京宁惠保”产品及参保事宜，您可以关注“南京宁惠保”微信公众号，点击菜单栏【个人中心】—【在线
客服渠道,标准问题,人工客服电话是多少？,人工客服电话是多少？,"客服电话,联系电话,人工电话",成功,是,否,0%,0.886,人工客服电话是多少？,人工客服服务时间是多少？,您好，可拨打咨询电话4000040181咨询。 您好，客服渠道及服务时间如下：
1. 电话咨询：拨打
客服渠道,标准问题,人工客服服务时间是多少？,人工客服服务时间是多少？,"客服时间,服务时间,人工服务",成功,是,否,33%,0.883,人工客服服务时间是多少？,人工客服电话是多少？,您好，客服渠道及服务时间如下：
1. 电话咨询：拨打4000040181，服务时间每天9:00-21
投保条件,标准问题,我想取消自动投保,我想取消自动投保,"取消自动投保,退保,关闭续保",成功,是,否,0%,0.839,我想取消自动投保,这个自动续保我都不知道怎么就自动续保了？能取消订单吗,取消自动续保：①【我的南京APP】或微信公众号【南京宁惠保】“个人中心”--“我的保单”页面找到需要
投保条件,标准问题,在哪里查询投保须知？,在哪里查询投保须知？,"投保渠道,购买方式,参保途径",成功,是,否,0%,0.796,在哪里查询投保须知？,在哪里查询理赔须知？,您好，您可关注【南京宁惠保】微信公众号--【参保入口】，点击参保页面最下方的【投保须知及声明】查看。
投保条件,标准问题,如何重复参保南京宁惠保？,如何重复参保南京宁惠保？,"重复参保,再次投保,南京宁惠保",成功,是,是,67%,0.863,如何重复参保南京宁惠保？,参保有截止日期吗？,目前不支持重复参保，您需要确认是否已成功参保。如需了解参保详情，请点击下方的“立即参保”按钮进行投保
投保条件,标准问题,这是我投保人的电话,这是我投保人的电话,"投保人电话,联系方式,被保险人",成功,是,否,33%,0.859,这是我投保人的电话,如有问题，去哪儿咨询？,责任五：上海质子重离子放射治疗费用医疗保障 | 100万保障期间内，被保险人自获得被保资格之日起，在
投保条件,标准问题,你好，请问投保的五期和六期有什么差别,你好，请问投保的五期和六期有什么差别,"投保,五期,六期",成功,是,是,67%,0.855,你好，请问投保的五期和六期有什么差别,与去年相比，“南京宁惠保”六期的保障有变化吗？,基础保障版（99元版本）①责任一：免赔额1.5万至2万元之间赔付20%；2万元以上非既往症赔付90%
投保条件,标准问题,怎么查询别人是购买的是99还是150,怎么查询别人是购买的是99还是150,"查询版本,99元,150元",成功,是,否,0%,0.761,怎么查询别人是购买的是99还是150,能查到我的保单么,24年：免赔额是年度内累计的（基础版99）①责任一 医保范围内个人自付：免赔额 1.8万， 1.8万
投保条件,标准问题,后投保后多次时间生效,后投保后多次时间生效,多次投保生效规则,成功,是,否,0%,0.802,后投保后多次时间生效,这款产品生效时间早于投保时间是否合规？,25年：免赔额是年度内累计的（基础版99）①责任一 医保范围内个人自付：免赔额 1.5万， 1.5万
既往症,标准问题,既往症是什么意思,既往症是什么意思,"既往症,老毛病,已有疾病",成功,是,否,33%,0.736,既往症是什么意思,什么是既往症？既往症包括哪些疾病？,宁惠保是设有免赔额的，并不是您自己支付的金额超过1.45万或者2万就可以赔付，而是根据您就医时使用的
既往症,标准问题,既往症怎么认定的,既往症怎么认定的,"既往症认定,老毛病处理,已有疾病",失败,否,否,0%,0.795,怎么判断既往症？,既往症怎么认定的,关于被保险人特定既往症的约定如下：1、关于医保范围内住院医疗费用保障（责任一）与医保目录外院内自费药
既往症,标准问题,还有既往症是不是只能报销百分之30,还有既往症是不是只能报销百分之30,"既往症,赔付比例,报销比例",成功,是,是,100%,0.888,还有既往症是不是只能报销百分之30,对于既往症是什么政策啊,25年：免赔额是年度内累计的（基础版99）①责任一：(住院/门特/门诊大病) 医保范围内个人自付：免
既往症,标准问题,怎么判断既往症？,怎么判断既往症？,"判断既往症,老毛病定义,已有疾病",成功,是,否,0%,0.797,怎么判断既往症？,既往症怎么认定的,关于被保险人特定既往症的约定如下：1、关于医保范围内住院医疗费用保障（责任一）与医保目录外院内自费药
既往症,标准问题,对于既往症是什么政策啊,对于既往症是什么政策啊,"既往症,老毛病,已有疾病",成功,是,否,33%,0.764,对于既往症是什么政策啊,既往症怎么认定的,25年：免赔额是年度内累计的（基础版99）①责任一 医保范围内个人自付：免赔额 1.5万， 1.5万
条款解释,标准问题,什么是个人自付和个人自费？,什么是个人自付和个人自费？,"个人自付,个人自费,医保目录内",成功,是,是,100%,0.708,什么是个人自付和个人自费？,现在住院自费太高，自费加起来2万才报吗,个人自付是指医保目录内药品、诊疗项目等费用，由医保基金支付后，个人需承担的部分；个人自费是指医保目录
条款解释,标准问题,什么叫必需且合理的医疗费用？,什么叫必需且合理的医疗费用？,"必需且合理,医疗费用,治疗规范",成功,是,是,100%,0.826,什么叫必需且合理的医疗费用？,什么是个人自付和个人自费？,您好，必需且合理是指符合通常惯例且医学必需的医疗费用：
(1)符合通常惯例指与接受医疗服务所在地通行
条款解释,标准问题,投保人、被保险人分别指什么？,投保人、被保险人分别指什么？,"投保人,被保险人,定义",成功,是,是,67%,0.863,投保人、被保险人分别指什么？,保险人是指什么？,您好，投保人就是购买保险的人，也就是出钱的。根据中国《保险法》规定，投保人是指与保险人订立保险合同，
条款解释,标准问题,医疗费用发票原件丢失了怎么办？,医疗费用发票原件丢失了怎么办？,"发票丢失,医疗发票丢了,理赔材料缺失",成功,是,否,0%,0.877,医疗费用发票原件丢失了怎么办？,理赔原件可以退还吗,您好，若您的医疗费用发票原件丢失，建议您拨打宁惠保客服热线4000040181，由人工客服为您确认具
条款解释,标准问题,保险人是指什么？,保险人是指什么？,"保险人,承保人,保险公司",成功,是,是,100%,0.791,保险人是指什么？,投保人、被保险人分别指什么？,您好，保险人又称承保人，根据中国《保险法》规定，是指与投保人订立保险合同，并承担赔偿或者给付保险金责
条款解释,标准问题,什么是医保身份？,什么是医保身份？,"医保身份,社保身份,医保参保",成功,是,否,33%,0.845,什么是医保身份？,什么是社会基本医疗保险,您好，“医保”指的就是社会医疗保险（简称医保或社保），“医保身份”指的是用人单位或者个人根据社保政策
条款解释,标准问题,参保所需证件类型指的是什么,参保所需证件类型指的是什么,"证件类型,身份证,材料",成功,是,是,67%,0.844,参保所需证件类型指的是什么,什么是医保身份？,您好，参保所需证件类型为中华人民共和国居民身份证，请您留意。 您好，“医保”指的就是社会医疗保险（简
条款解释,标准问题,什么是社会保险定点医院？,什么是社会保险定点医院？,"定点医院,医保医院,社保医院",成功,是,否,33%,0.825,什么是社会保险定点医院？,哪里可以查询医保定点医院？,您好，社会保险定点医院指的是当地社会医疗保险的管理部门指定具有医疗资格的医院，并对已参加社保的人员可
条款解释,标准问题,什么是社会基本医疗保险,什么是社会基本医疗保险,"社会基本医疗保险,医保,基本医疗",成功,是,是,100%,0.822,什么是社会基本医疗保险,什么是医保身份？,您好，社会基本医疗保险指国家最新修订颁布的《社会保险法》规定的基本医疗保险，包括城镇职工基本医疗保险
条款解释,标准问题,什么是商业保险？,什么是商业保险？,"商业保险,商业险,非社保",成功,是,否,33%,0.778,什么是商业保险？,什么是社会基本医疗保险,商业保险是指通过订立保险合同运营，以营利为目的的保险形式，由专门的保险企业经营。 您好，社会基本医疗
条款解释,标准问题,什么是既往症？既往症包括哪些疾病？,什么是既往症？既往症包括哪些疾病？,"既往症,老毛病,已有疾病",成功,是,否,33%,0.791,什么是既往症？既往症包括哪些疾病？,怎么判断既往症？,既往症是指参保人在产品生效前已患下列六种疾病或已存在患上述疾病的病前症状，并因此疾病或其并发症导致在
条款解释,标准问题,南京门诊大病指哪些病？,南京门诊大病指哪些病？,"南京门诊大病,病种范围,特殊病种",成功,是,否,0%,0.846,南京门诊大病指哪些病？,什么是门诊大病？,目前：南京居民医保门诊特殊（门诊大病）病种共17种：
①恶性肿瘤 ②器官移植(含造血干细胞)术 ③后
条款解释,标准问题,什么是门诊大病？,什么是门诊大病？,"门诊大病,特殊疾病门诊,门特",成功,是,是,100%,0.793,什么是门诊大病？,南京门诊大病指哪些病？,根据南京市特殊疾病门诊医疗制度（简称门诊大病制度），参加南京市基本医疗保险的居民，如果患有特定的严重
特药保障,标准问题,阿来替尼是特药吗,阿来替尼是特药吗,"阿来替尼,特药,特效药",成功,是,否,0%,0.769,阿来替尼是特药吗,那个医保外报销的指的就是特药报销？,26年：免赔额是年度内累计的（基础版99）①责任一 医保范围内个人自付：免赔额 1.5万， 1.5万
特药保障,标准问题,那个医保外报销的指的就是特药报销？,那个医保外报销的指的就是特药报销？,"医保外,特药,药品报销",成功,是,否,33%,0.865,那个医保外报销的指的就是特药报销？,进口药、自费药可以报销吗,升级版：责任一：医保范围内医疗保障100万元 免赔额：1.45至2万元之间 非既往症人群50%，既往
特药保障,标准问题,如果是不在医保内的药品，就没有包括在责任二里面？,如果是不在医保内的药品，就没有包括在责任二里面？,"医保外药品,责任二,不包含",成功,是,否,33%,0.880,如果是不在医保内的药品，就没有包括在责任二里面？,那个医保外报销的指的就是特药报销？,责任一：住院或接受门特、门诊大病治疗发生的基本医保范围内个人自付医疗费用以及住院期间使用国家谈判药品
特药保障,标准问题,能帮我查下格列卫在特药范围内吗？,能帮我查下格列卫在特药范围内吗？,"格列卫,特药,药品范围",成功,是,否,0%,0.853,能帮我查下格列卫在特药范围内吗？,那个医保外报销的指的就是特药报销？,既往症：参保人在产品生效前如已患下列列明的六种疾病或已存在患下列列明的六种疾病的病前症状，并因此疾病
特药保障,标准问题,老人已经去世了，还有药品的报销。这怎么操作？没办法委托,老人已经去世了，还有药品的报销。这怎么操作？没办法委托,"去世,报销,药品",成功,是,否,0%,0.901,老人已经去世了，还有药品的报销。这怎么操作？没办法委托,请问门诊双通道的药品可以报销吗？,⒈申请人与被保险人身份证正反面、⒉被保险人医保卡（非江苏省内医保/非芜马滁宣医保的须提供投保时满一年
理赔材料,标准问题,报销需要哪些材料？,报销需要哪些材料？,"报销材料,理赔资料,所需文件",成功,是,否,0%,0.833,报销需要哪些材料？,理赔需要哪些资料？,报销所需材料包括：住院发票、出院小结或出院记录、住院费用明细清单（需左上角有“南京市”标识，名称为“
理赔材料,标准问题,理赔申请需要哪些材料？,理赔申请需要哪些材料？,"理赔材料,所需资料,住院发票",成功,否,是,100%,0.835,理赔需要哪些资料？,理赔只需要银行卡号就可以吗？还需要什么？,您好，您可以关注【南京市宁惠保】微信公众号了解理赔所需资料，具体路径为：公众号--【理赔专区】--【
理赔材料,标准问题,理赔需要哪些资料？,理赔需要哪些资料？,"理赔材料,所需资料,报销文件",成功,是,否,33%,0.838,理赔需要哪些资料？,理赔只需要银行卡号就可以吗？还需要什么？,您好，您可以关注【南京市宁惠保】微信公众号了解理赔所需资料，具体路径为：公众号--【理赔专区】--【
理赔材料,标准问题,特药直送需要什么材料？,特药直送需要什么材料？,"特药直送,购药前,所需材料",成功,是,否,33%,0.829,特药直送需要什么材料？,特药事后理赔需要什么材料？,您好，申请特药直送（您还未购药，通过特药直送仅需支付剩余费用）需要准备：1.被保险人身份证正反面；2
理赔材料,标准问题,理赔需要提供哪些资料？,理赔需要提供哪些资料？,"理赔资料,申请材料,报销所需",失败,否,否,0%,0.829,理赔需要哪些资料？,理赔只需要银行卡号就可以吗？还需要什么？,您好，您可以关注【南京市宁惠保】微信公众号了解理赔所需资料，具体路径为：公众号--【理赔专区】--【
理赔材料,标准问题,异地就医需要提供哪些材料？,异地就医需要提供哪些材料？,"异地就医材料,所需资料,医保结算单",成功,是,否,33%,0.828,异地就医需要提供哪些材料？,住院材料需要哪些？,异地就医需提供医保结算单，该单据由参保地医保中心出具，金额更准确。如无法提供，可按现有材料理算（南京
理赔材料,标准问题,住院材料需要哪些？,住院材料需要哪些？,"住院,所需材料,出院记录",成功,是,是,100%,0.837,住院材料需要哪些？,住院报销需要哪些材料？,住院材料包含：住院发票、出院小结或出院记录、住院费用明细清单（左上角需有“南京市”标识，名称为“南京
理赔材料,标准问题,理赔只需要银行卡号就可以吗？还需要什么？,理赔只需要银行卡号就可以吗？还需要什么？,"理赔材料,银行卡号,身份证",成功,是,是,100%,0.894,理赔只需要银行卡号就可以吗？还需要什么？,线下理赔地址在哪里？,您好，理赔不仅需要银行卡号，还需提供：
① 被保险人身份证
② 被保险人银行卡（需本人账户）
③ 医
理赔材料,标准问题,没出院就办了直赔，再直赔后出院之前又产生费用呢,没出院就办了直赔，再直赔后出院之前又产生费用呢,"直赔,未出院,后续费用",成功,是,否,33%,0.931,没出院就办了直赔，再直赔后出院之前又产生费用呢,出院后。理赔是这样吗？,您好，本产品赔付比例为：基础保障版（99元版本）①责任一：免赔额1.5至2万元之间赔付20%；2万元
理赔材料,标准问题,特药事后理赔需要什么材料？,特药事后理赔需要什么材料？,"特药,事后理赔,材料清单",成功,是,是,67%,0.879,特药事后理赔需要什么材料？,特药理赔怎么申请？,您好，特药事后理赔（您已完成购药）需要准备以下材料：1.被保险人身份证正反面；2.病历诊断报告；3.
理赔流程,标准问题,有理赔次数限制吗？,有理赔次数限制吗？,"理赔次数限制,赔付次数,报销次数",成功,是,否,0%,0.825,有理赔次数限制吗？,理赔金额为什么按年度计算而不是按治疗周期？,您好，理赔次数没有限制，但保障期间内，各项保障责任赔付金额以保额为限。 您好，宁惠保保障周期为自然年
理赔流程,标准问题,什么是直赔和快赔？有什么区别？,什么是直赔和快赔？有什么区别？,"直赔,快赔,理赔方式",成功,是,是,67%,0.777,什么是直赔和快赔？有什么区别？,那个直赔怎么没有报销,①直赔：南京医保参保人在42家直赔医院就诊，出院时宁惠保即给予赔付，无需提交理赔申请和材料，出院即赔
理赔流程,标准问题,今年还支持直赔吗？直赔医院有哪些？,今年还支持直赔吗？直赔医院有哪些？,"直赔,直赔医院,免赔额",成功,是,是,100%,0.897,今年还支持直赔吗？直赔医院有哪些？,什么是直赔和快赔？有什么区别？,南京医保参保人在以下42家直赔医院就诊，在南京宁惠保公众号提前通过直赔登记，就可以享受直赔服务：直联
理赔流程,标准问题,医院等级在哪里查看？,医院等级在哪里查看？,"医院等级查询,医疗机构等级,医院级别",成功,是,否,0%,0.857,医院等级在哪里查看？,哪里可以查询医保定点医院？,您好，您可以通过全国医疗机构查询系统确认医院等级，具体网址为：http://www.gov.cn/f
理赔流程,标准问题,传统理赔需要提交哪些材料？,传统理赔需要提交哪些材料？,"理赔材料,住院发票,理赔申请",成功,是,否,33%,0.841,传统理赔需要提交哪些材料？,理赔只需要银行卡号就可以吗？还需要什么？,传统理赔需要提交的材料包括：住院发票、出院小结或出院记录、住院费用明细清单（左上角需标注‘南京市’，
理赔流程,标准问题,住院手术需要装起搏器，怎么申请理赔？,住院手术需要装起搏器，怎么申请理赔？,"起搏器,住院理赔,直赔登记",成功,是,否,33%,0.870,住院手术需要装起搏器，怎么申请理赔？,你告诉我达到多少费用就可以理赔吧？,您好，住院前可进行直赔登记。适用人群：南京基本医疗保险参保人员，一年申请一次即可（或在办理出院费用结
理赔流程,标准问题,你告诉我达到多少费用就可以理赔吧？,你告诉我达到多少费用就可以理赔吧？,"理赔起付线,免赔额标准",成功,是,否,0%,0.873,你告诉我达到多少费用就可以理赔吧？,理赔门槛是多少？超过多少费用可以申请理赔？,26年：免赔额是年度内累计的 （基础版99） ①责任一 医保范围内个人自付：免赔额 1.5万， 1.
理赔流程,标准问题,出院后。理赔是这样吗？,出院后。理赔是这样吗？,"出院后理赔,理赔流程,申请方式",成功,是,否,33%,0.866,出院后。理赔是这样吗？,没出院就办了直赔，再直赔后出院之前又产生费用呢,理赔申请方式：方式一：住院前可进行直赔登记：适用人群，南京基本医疗保险参保人员，一年申请一次即可（或
理赔流程,标准问题,医保报销后个人自付和自费费用如何赔付？,医保报销后个人自付和自费费用如何赔付？,"医保报销后,个人自付,自费费用",成功,是,是,67%,0.874,医保报销后个人自付和自费费用如何赔付？,理赔金额是如何计算的？,住院/门特/门诊大病，经过医保报销后，您个人支付的费用，医保局会划分成2部分：医保范围内个人自付和医
理赔流程,标准问题,医保结算单是什么？,医保结算单是什么？,"医保结算单,医保单据,自付金额",成功,是,否,33%,0.859,医保结算单是什么？,异地就医结算单是什么？,医保结算单是指由医保参保地出具的包含个人自付（或先行自付、乙类自理）和个人自费（或丙类自理、超限价）
理赔流程,标准问题,南京宁惠保线下理赔地址在哪里？,南京宁惠保线下理赔地址在哪里？,"南京宁惠保,理赔地址,线下办理",成功,是,是,67%,0.877,南京宁惠保线下理赔地址在哪里？,如何进行线下理赔？,南京宁惠保线下理赔地址为南京市秦淮区长白街346号，人保财险城南分公司宁惠保5号窗口。工作时间：工作
理赔流程,标准问题,参保地变更能赔付吗？,参保地变更能赔付吗？,"变更参保地,赔付,医保中断",成功,是,否,33%,0.839,参保地变更能赔付吗？,可以变更受益人吗,您好，被保险人首次参加基本医疗保险，或在本产品保障期间内中断医保参保缴费或欠缴费，本产品仅承担在医保
理赔流程,标准问题,可以为他人进行理赔报案吗？,可以为他人进行理赔报案吗？,"他人理赔,代报案,理赔代办",成功,是,否,0%,0.874,可以为他人进行理赔报案吗？,理赔只需要银行卡号就可以吗？还需要什么？,您好：可以为其他已参保南京宁惠保六期的被保险人进行理赔报案 您好，理赔不仅需要银行卡号，还需提供：

理赔流程,标准问题,在哪里查询理赔须知？,在哪里查询理赔须知？,"理赔须知,报销说明,申请赔款",成功,是,否,33%,0.815,在哪里查询理赔须知？,线下理赔地址在哪里？,您好，您可关注【南京宁惠保】微信公众号--【参保入口】，进入参保页面，点击【理赔须知】进行查看 南京
理赔流程,标准问题,如何办理宁惠保理赔？,如何办理宁惠保理赔？,"理赔流程,报销材料,住院发票",成功,是,是,67%,0.849,如何办理宁惠保理赔？,如何申请理赔？理赔流程是什么？,宁惠保理赔可以一次性报理赔，也可以分开理赔，只要符合理赔范围即可。需要提供住院发票、出院小结或出院记
理赔流程,标准问题,如何查询理赔进度？,如何查询理赔进度？,"理赔进度,查询状态,报销进展",成功,是,否,33%,0.868,如何查询理赔进度？,理赔立案需要多长时间？,您好，您可以通过以下方式查询理赔进度：
① 关注【南京宁惠保】微信公众号，点击【我的服务】-【理赔进
理赔流程,标准问题,如何申请宁惠保理赔？,如何申请宁惠保理赔？,"宁惠保理赔,申请,时间",成功,否,是,67%,0.850,如何申请理赔？理赔流程是什么？,如何办理宁惠保理赔？,除了直赔，“南京宁惠保”还有快赔和传统理赔两种方式。这两种理赔方式需要在“南京宁惠保”公众号【理赔专
理赔流程,标准问题,如何申请理赔？理赔流程是什么？,如何申请理赔？理赔流程是什么？,"理赔,流程,方式",成功,是,是,67%,0.821,如何申请理赔？理赔流程是什么？,申请理赔的方式有哪些？哪种方式更方便？,除了直赔，“南京宁惠保”还有快赔和传统理赔两种方式。这两种理赔方式需要在“南京宁惠保”公众号【理赔专
理赔流程,标准问题,如何进行南京宁惠保的理赔操作？,如何进行南京宁惠保的理赔操作？,"理赔,报销,申请赔款",失败,否,否,33%,0.880,如何进行理赔？,如何进行南京宁惠保的理赔操作？,理赔流程如下：1.通过『我的南京』APP，进入『我的』-『南京宁惠保』；2.或通过南京宁惠保微信公众
理赔流程,标准问题,如何进行理赔？,如何进行理赔？,"理赔,操作,流程",成功,否,是,67%,0.777,线下理赔地址在哪里？,如何申请理赔？理赔流程是什么？,南京宁惠保线下理赔地址为南京市秦淮区长白街346号，人保财险城南分公司宁惠保5号窗口。工作人员将协助
理赔流程,标准问题,如何进行理赔申请？,如何进行理赔申请？,"理赔申请,怎么申请,南京宁惠保",成功,否,是,67%,0.798,申请理赔的方式有哪些？哪种方式更方便？,理赔申请有哪些方式？哪种方式更方便？,理赔方式包括线上申请和线下提交。线上申请通过官方平台或APP操作，更为便捷快速，建议优先选择线上方式
理赔流程,标准问题,如何进行线下理赔？,如何进行线下理赔？,"线下理赔,现场办理,材料",成功,否,是,67%,0.911,线下理赔地址在哪里？,线下办理理赔的地址和时间是什么？,南京宁惠保线下理赔地址为南京市秦淮区长白街346号，人保财险城南分公司宁惠保5号窗口。工作人员将协助
理赔流程,标准问题,宁惠保六期理赔时间是什么时候？,宁惠保六期理赔时间是什么时候？,"理赔时间,通道开启,申请时间",成功,是,否,33%,0.866,宁惠保六期理赔时间是什么时候？,如何申请宁惠保理赔？,宁惠保六期理赔需等待26年理赔通道开启后申请。12月31日前投保的，2月10日可理赔；12月31日后
理赔流程,标准问题,宁惠保的理赔条件是什么？,宁惠保的理赔条件是什么？,"宁惠保,理赔条件,报销条件",成功,是,否,33%,0.823,宁惠保的理赔条件是什么？,什么情况下可以申请宁惠保理赔？,宁惠保的理赔范围包括住院和门特、门诊大病类型的门诊费用，经医保结算之后，剩余的费用按不同责任理赔，超
理赔流程,标准问题,异地就医包括哪些人员？,异地就医包括哪些人员？,"异地就医,人员范围,异地安置",成功,是,是,67%,0.818,异地就医包括哪些人员？,异地就医是否可以理赔？,您好，异地就医人员包括：①异地安置退休人员，即退休后在异地定居并且户籍迁入定居地的人员；②异地长期居
理赔流程,标准问题,异地就医是否可以理赔？,异地就医是否可以理赔？,"异地就医,理赔,报销",成功,是,是,100%,0.840,异地就医是否可以理赔？,国外的住院医疗费用本产品可以理赔吗？,您好，在外地/异地医保定点医院就医是可以申请理赔的，具体理赔情况如下：
①常住（驻）人员在备案地医保
理赔流程,标准问题,异地就医结算单是什么？,异地就医结算单是什么？,"异地就医结算单,结算单据,医保结算",成功,是,是,100%,0.867,异地就医结算单是什么？,异地就医需要提供哪些材料？,异地就医住院费用结算单是指在异地就医的情况下，参保地医保中心开出的结算单据。该单据包含了医疗费用的明
理赔流程,标准问题,身份证件过期后可以申请理赔吗,身份证件过期后可以申请理赔吗,"理赔,证件过期,申请",成功,是,是,100%,0.891,身份证件过期后可以申请理赔吗,理赔只需要银行卡号就可以吗？还需要什么？,您好，若您的有效证件过期的，为了保护您的权益，暂时不可以申请理赔。我们建议 您可以先更换有效证件后再
理赔流程,标准问题,怎么办理异地就医备案手续？,怎么办理异地就医备案手续？,"异地就医备案,异地就医手续,备案方式",成功,是,否,33%,0.879,怎么办理异地就医备案手续？,异地就医是否可以理赔？,您好，可通过以下方式办理异地就医备案手续：
①参保单位可以通过南京市人力资源和社会保障网站，登录后为
理赔流程,标准问题,想请问下理赔的金额？,想请问下理赔的金额？,"理赔金额,赔付比例,报销多少",失败,否,否,33%,0.788,你告诉我达到多少费用就可以理赔吧？,想请问下理赔的金额？,26年：免赔额是年度内累计的 （基础版99） ①责任一 医保范围内个人自付：免赔额 1.5万， 1.
理赔流程,标准问题,我理赔资料填写不符吗,我理赔资料填写不符吗,"理赔资料不符,材料错误,填写错误",成功,是,否,0%,0.876,我理赔资料填写不符吗,保单号可以空着吗,24年：免赔额是年度内累计的（基础版99） ①责任一 医保范围内个人自付：免赔额 1.8万， 1.8
理赔流程,标准问题,指定医院有哪些？,指定医院有哪些？,"指定医院,定点医疗机构,可就诊医院",成功,是,否,33%,0.712,指定医院有哪些？,哪里可以查询医保定点医院？,您好，本产品指定医院如下：
①社会保险定点医院
②质子重离子医疗费用的指定医院是上海质子重离子医院 
理赔流程,标准问题,提交理赔后多久能审核完？,提交理赔后多久能审核完？,"理赔时间,审核周期,处理时长",成功,是,否,0%,0.880,提交理赔后多久能审核完？,理赔审核需要多长时间？,您好，理赔审核时间如下：
① 一般案件：5-10个工作日
② 复杂案件：可能需要15-20个工作日

理赔流程,标准问题,2026年的理赔在快速理赔里查不到怎么办？,2026年的理赔在快速理赔里查不到怎么办？,"理赔,查询不到,快速理赔",成功,是,是,100%,0.879,2026年的理赔在快速理赔里查不到怎么办？,那个直赔怎么没有报销,您好，快速理赔功能仅支持查询当年已审核通过的理赔记录。如查询不到2026年理赔：
① 确认理赔申请是
理赔流程,标准问题,没有到医保报销可以直接申请理赔吗？,没有到医保报销可以直接申请理赔吗？,"医保报销,直接理赔,未经医保",成功,是,否,33%,0.878,没有到医保报销可以直接申请理赔吗？,那个直赔怎么没有报销,您好，本产品不接受用户未经医保的报销后直接向保司申请理赔，参保人享受医保待遇，但未使用基本医疗保险报
理赔流程,标准问题,特药理赔怎么申请？,特药理赔怎么申请？,"特药,理赔流程,申请方式",成功,是,否,33%,0.860,特药理赔怎么申请？,如何申请特药理赔？,您好，特药理赔申请路径：1.【南京宁惠保】公众号：理赔服务—理赔申请—特药理赔；2.【我的南京】AP
理赔流程,标准问题,理赔原件可以退还吗,理赔原件可以退还吗,"理赔原件,发票退还,分割单",成功,是,否,33%,0.838,理赔原件可以退还吗,理赔时需要发票原件吗,您好，索赔后的医疗费用发票原件我们是不主动退还的，但是当您的赔付金额未达到您实际支出的医疗费用全额时
理赔流程,标准问题,理赔审核需要多长时间？,理赔审核需要多长时间？,"理赔审核,处理时间,快赔",成功,是,是,67%,0.872,理赔审核需要多长时间？,提交理赔后多久能审核完？,您好，理赔时效如下：
1. 快赔：3个工作日内完成；
2. 传统理赔：5-7个工作日内完成立案审核；
理赔流程,标准问题,理赔时需要发票原件吗,理赔时需要发票原件吗,"理赔材料,发票原件,电子材料",成功,是,是,67%,0.851,理赔时需要发票原件吗,理赔原件可以退还吗,您好，被保险人在扣除1.5-2万免赔后索赔金额1万元以下的上传电子材料索赔 （发票拍照前需用黑色水笔
理赔流程,标准问题,理赔未通过的原因是什么？,理赔未通过的原因是什么？,"理赔失败,未通过原因,审核不通过",成功,是,否,0%,0.834,理赔未通过的原因是什么？,理赔申请被驳回的原因是什么？,理赔未通过的原因包括：1、25年入院，请去五期申请理赔；2、请补充本次住院对应的清单抬头为《南京市基
理赔流程,标准问题,理赔标准是什么？,理赔标准是什么？,"理赔标准,赔付门槛,免赔额",失败,否,否,33%,0.794,你告诉我达到多少费用就可以理赔吧？,理赔门槛是多少？超过多少费用可以申请理赔？,26年：免赔额是年度内累计的 （基础版99） ①责任一 医保范围内个人自付：免赔额 1.5万， 1.
理赔流程,标准问题,理赔申请有哪些方式？哪种方式更方便？,理赔申请有哪些方式？哪种方式更方便？,"理赔方式,申请渠道,线上申请",成功,否,是,67%,0.879,申请理赔的方式有哪些？哪种方式更方便？,理赔申请有哪些方式？哪种方式更方便？,理赔方式包括线上申请和线下提交。线上申请通过官方平台或APP操作，更为便捷快速，建议优先选择线上方式
理赔流程,标准问题,理赔申请的渠道有哪些,理赔申请的渠道有哪些,"理赔渠道,申请路径,线上平台",失败,否,否,33%,0.836,理赔申请有哪些方式？哪种方式更方便？,理赔申请的渠道有哪些,理赔申请可通过线上渠道或线下途径进行。具体方式包括：通过官方APP、微信公众号、官网等线上平台提交申
理赔流程,标准问题,理赔申请被驳回的原因是什么？,理赔申请被驳回的原因是什么？,"理赔驳回,申请被拒,自费购药",成功,是,否,33%,0.817,理赔申请被驳回的原因是什么？,理赔未通过的原因是什么？,理赔申请被驳回是因为自费购药不在保障范围内。如果购买的双通道药品是经过医保报销，且在住院期间发生的费
理赔流程,标准问题,理赔立案需要多长时间？,理赔立案需要多长时间？,"理赔时效,立案时间,审核周期",失败,否,否,33%,0.863,立案需要多长时间？,理赔立案需要多长时间？,传统理赔一般在3个工作日内立案，30天内结案；快赔常规案件需要5-7个工作日，复杂案件30天内结案。
理赔流程,标准问题,理赔金额为什么按年度计算而不是按治疗周期？,理赔金额为什么按年度计算而不是按治疗周期？,"年度计算,治疗周期,免赔额累计",成功,是,否,33%,0.866,理赔金额为什么按年度计算而不是按治疗周期？,快赔系统没带出来这一段时间的就诊记录，走的传统通道,您好，宁惠保保障周期为自然年度（每年1月1日至12月31日），理赔金额按年度累计计算，不按单次治疗周
理赔流程,标准问题,理赔门槛是多少？超过多少费用可以申请理赔？,理赔门槛是多少？超过多少费用可以申请理赔？,"免赔额,门槛费,理赔标准",成功,是,否,33%,0.872,理赔门槛是多少？超过多少费用可以申请理赔？,你告诉我达到多少费用就可以理赔吧？,您好，责任不同申请标准也存在差异，具体如下所示：
责任一基础款超过1.5万元、升级版超过1.45万元
理赔流程,标准问题,理赔需要多长时间？,理赔需要多长时间？,"理赔时间,处理时效,多久能赔",成功,是,否,0%,0.814,理赔需要多长时间？,理赔审核需要多长时间？,您好，理赔时效如下：
1. 快赔：3个工作日内完成；
2. 传统理赔：5-7个工作日内完成；
3. 
理赔流程,标准问题,申请理赔的方式有哪些？哪种方式更方便？,申请理赔的方式有哪些？哪种方式更方便？,"理赔方式,申请赔款,线上申请",成功,是,是,67%,0.876,申请理赔的方式有哪些？哪种方式更方便？,理赔申请有哪些方式？哪种方式更方便？,理赔方式包括线上申请和线下提交。线上申请通过官方平台或APP操作，更为便捷快速，建议优先选择线上方式
理赔流程,标准问题,立案需要多长时间？,立案需要多长时间？,"立案时间,理赔进度,结案周期",成功,是,否,0%,0.770,立案需要多长时间？,理赔立案需要多长时间？,传统理赔一般在3个工作日内立案，30天内结案；快赔常规案件需要5-7个工作日，复杂案件30天内结案。
理赔流程,标准问题,线下办理理赔指导地址和时间是什么？,线下办理理赔指导地址和时间是什么？,"线下理赔,办理地点,窗口地址",失败,否,否,33%,0.890,线下办理理赔的地址和时间是什么？,线下办理理赔指导地址和时间是什么？,线下办理理赔的地址是南京市秦淮区长白街346号中国人保理赔大厅一楼宁惠保窗口，工作时间是周一到周五早
理赔流程,标准问题,线下办理理赔的地址和时间是什么？,线下办理理赔的地址和时间是什么？,"线下理赔地址,工作时间",成功,是,是,100%,0.921,线下办理理赔的地址和时间是什么？,线下理赔地址在哪里？,线下办理理赔的地址是南京市秦淮区长白街346号中国人保理赔大厅一楼宁惠保窗口，工作时间是周一到周五早
理赔流程,标准问题,线下理赔地址和工作时间是什么？,线下理赔地址和工作时间是什么？,"线下理赔,地址,工作时间",成功,否,是,100%,0.915,线下办理理赔的地址和时间是什么？,线下理赔地址和工作时间是什么？,线下办理理赔的地址是南京市秦淮区长白街346号中国人保理赔大厅一楼宁惠保窗口，工作时间是周一到周五早
理赔流程,标准问题,线下理赔地址在哪里？,线下理赔地址在哪里？,线下理赔地址,成功,是,是,100%,0.926,线下理赔地址在哪里？,线下理赔地址和工作时间是什么？,南京宁惠保线下理赔地址为南京市秦淮区长白街346号，人保财险城南分公司宁惠保5号窗口。工作人员将协助
理赔流程,标准问题,线下理赔网点地址和工作时间是什么？,线下理赔网点地址和工作时间是什么？,"线下理赔,网点地址,工作时间",成功,否,是,67%,0.913,线下理赔地址和工作时间是什么？,线下理赔网点地址和工作时间是什么？,线下理赔地址为南京市玄武区龙蟠中路37号中国人保理赔大厅一楼宁惠保窗口，工作时间为周一到周五早上8点
理赔流程,标准问题,请问门诊手术可以理赔吗,请问门诊手术可以理赔吗,"门诊手术,理赔,日间手术",成功,是,是,67%,0.860,请问门诊手术可以理赔吗,我看保单上有门诊手术免赔额是1000元。,您好，患有如下疾病(门诊日间手术病种清单)，在医院的门诊日间手术病房进行手术，并且是按照“门诊日间手
理赔计算,标准问题,我看保单上有门诊手术免赔额是1000元。,我看保单上有门诊手术免赔额是1000元。,"门诊手术,免赔额,1000元",成功,是,否,33%,0.857,我看保单上有门诊手术免赔额是1000元。,那之前门诊拍片子之类的算么？,您好，患有如下疾病(门诊日间手术病种清单)，在医院的门诊日间手术病房进行手术，并且是按照“门诊日间手
理赔计算,标准问题,免赔额不是按年算吗，为什么还有免赔额,免赔额不是按年算吗，为什么还有免赔额,"免赔额定义,免赔额含义,免赔额解释",成功,是,否,0%,0.821,免赔额不是按年算吗，为什么还有免赔额,理赔金额为什么按年度计算而不是按治疗周期？,24年：免赔额是年度内累计的（基础版99） ①责任一 医保范围内个人自付：免赔额 1.8万， 1.8
理赔计算,标准问题,未达免赔额是什么意思,未达免赔额是什么意思,"免赔额定义,免赔额含义,免赔额解释",成功,是,否,0%,0.838,未达免赔额是什么意思,那个直赔怎么没有报销,25年：免赔额是年度内累计的 （基础版99） ①责任一 医保范围内个人自付：免赔额 1.5万， 1.
理赔计算,标准问题,请问免赔额是多少,请问免赔额是多少,"免赔额金额,免赔额数额,自付额度",成功,是,否,0%,0.851,请问免赔额是多少,什么是免赔额？免赔额是多少？,升级保障版（150元版本）：①责任一：免赔额1.5至2万元之间赔付10%；2万元以上非既往症赔付90
理赔计算,标准问题,日间免赔只自费部分吗，我2024年跟明天俩次手术要分两次赔付吗,日间免赔只自费部分吗，我2024年跟明天俩次手术要分两次赔付吗,"免赔额,自付部分,日间手术",成功,是,是,67%,0.902,日间免赔只自费部分吗，我2024年跟明天俩次手术要分两次赔付,我看保单上有门诊手术免赔额是1000元。,25年：免赔额是年度内累计的（基础版99）①责任一 医保范围内个人自付：免赔额 1.5万， 1.5万
直赔快赔,标准问题,南京鼓楼医院南部院区住院可以直赔吗？,南京鼓楼医院南部院区住院可以直赔吗？,"南京鼓楼医院,直赔,住院理赔",成功,是,否,33%,0.908,南京鼓楼医院南部院区住院可以直赔吗？,今年还支持直赔吗？直赔医院有哪些？,理赔申请方式：方式一：住院前可进行直赔登记：适用人群，南京基本医疗保险参保人员，一年申请一次即可（或
直赔快赔,标准问题,那个直赔怎么没有报销,那个直赔怎么没有报销,"直赔,没有报销,赔付比例",成功,是,是,67%,0.885,那个直赔怎么没有报销,今年还支持直赔吗？直赔医院有哪些？,您好，本产品赔付比例为： 基础保障版（99元版本） ①责任一：免赔额1.5万至2万元之间赔付20%；
直赔快赔,标准问题,快赔系统没带出来这一段时间的就诊记录，走的传统通道,快赔系统没带出来这一段时间的就诊记录，走的传统通道,"免赔额,赔付比例,责任一",成功,是,是,100%,0.857,快赔系统没带出来这一段时间的就诊记录，走的传统通道,那个直赔怎么没有报销,24年：免赔额是年度累计的（基础版99）①责任一 医保范围内个人自付：免赔额 1.8万， 1.8万-
直赔快赔,标准问题,直赔登记怎么登记,直赔登记怎么登记,"直赔登记,如何登记,南京宁惠保",成功,是,是,67%,0.795,直赔登记怎么登记,住院手术需要装起搏器，怎么申请理赔？,直赔登记：需要提前在“南京宁惠保”公众号进行直赔登记并通过审核，（3个工作日内完成对登记信息的审核）
费用说明,标准问题,宁惠保的免赔额是如何计算的？,宁惠保的免赔额是如何计算的？,"免赔额计算,免赔额算方法,免赔额如何算",成功,是,否,0%,0.899,宁惠保的免赔额是如何计算的？,想请问下理赔的金额？,宁惠保设有免赔额，分为医保范围内个人自付和医保范围外个人自费两部分。医保范围内个人自付的免赔额为1.
退保流程,标准问题,如何办理退保手续？,如何办理退保手续？,"退保,取消保险,退款流程",成功,是,否,33%,0.860,如何办理退保手续？,已经划扣，需要取消，如何操作退费?,如需退保，请提供被保人的身份证号，并根据客服要求补充相关材料，如4.16的清单最后一页及5.10金额
退保流程,标准问题,取消自动续保这个,取消自动续保这个,"取消自动续保,退保,关闭续保",失败,否,否,33%,0.873,如何取消自动续保,这个自动续保我都不知道怎么就自动续保了？能取消订单吗,取消自动续保：①【我的南京APP】或微信服务号【南京宁惠保】“个人中心”--“我的保单”页面找到需要
退保流程,标准问题,这款产品的犹豫期有多久？,这款产品的犹豫期有多久？,"犹豫期,冷静期,退保",成功,是,否,33%,0.779,这款产品的犹豫期有多久？,这款产品的等待期/观察期有多久？,您好，这款产品无犹豫期。 您好，这款产品等待期分别为：
基础保障版（99元版本）：责任一、责任二、责
退保流程,标准问题,如何取消自动续费,如何取消自动续费,"取消自动续费,退保,关闭续保",失败,否,否,0%,0.838,如何取消自动续保,这个自动续保我都不知道怎么就自动续保了？能取消订单吗,取消自动续保：①【我的南京APP】或微信服务号【南京宁惠保】“个人中心”--“我的保单”页面找到需要
退保流程,标准问题,退保的费用是怎么计算的？,退保的费用是怎么计算的？,"退保,退款,费用计算",成功,是,否,33%,0.834,退保的费用是怎么计算的？,如何办理退保手续？,您好，保单生效前退保是全额退还您的保费；保单生效后退保，对于未发生理赔的，将退还对应的未满期净保费。
退保流程,标准问题,如何取消自动续保,如何取消自动续保,"取消自动续保,关闭续保,停止续费",成功,是,否,33%,0.886,如何取消自动续保,这个自动续保我都不知道怎么就自动续保了？能取消订单吗,取消自动续保：①【我的南京APP】或微信服务号【南京宁惠保】“个人中心”--“我的保单”页面找到需要
退保流程,标准问题,麻烦把家庭被保人陈玉琴也一并退保,麻烦把家庭被保人陈玉琴也一并退保,"退保,家庭成员,一起退",成功,是,否,33%,0.859,麻烦把家庭被保人陈玉琴也一并退保,如何办理退保手续？,24年：免赔额是年度累计的（基础版99）①责任一 医保范围内个人自付：免赔额 1.8万， 1.8万-
退保流程,标准问题,怎么取消续保功能,怎么取消续保功能,"取消续保,自动续保,关闭续保",失败,否,否,33%,0.839,如何取消自动续保,怎么取消续保功能,取消自动续保：①【我的南京APP】或微信服务号【南京宁惠保】“个人中心”--“我的保单”页面找到需要
门诊保障,标准问题,门特门诊医保可以报销的,门特门诊医保可以报销的,"门特门诊,医保报销,自动续保",成功,是,否,33%,0.876,门特门诊医保可以报销的,门诊看病是否可以报销,取消自动续保：①【我的南京APP】或微信服务号【南京宁惠保】“个人中心”--“我的保单”页面找到需要
门诊保障,标准问题,那我刚才看你们的宣传说门诊看的也可以报，那是什么东西,那我刚才看你们的宣传说门诊看的也可以报，那是什么东西,"门诊,报销范围,宣传内容",成功,是,否,33%,0.840,那我刚才看你们的宣传说门诊看的也可以报，那是什么东西,门诊日间手术包含哪些内容？,24年：免赔额是年度内累计的（基础版99）①责任一 医保范围内个人自付：免赔额 1.8万， 1.8万
门诊保障,标准问题,请问门诊双通道的药品可以报销吗？,请问门诊双通道的药品可以报销吗？,"门诊双通道,药品报销,特药",成功,是,否,33%,0.901,请问门诊双通道的药品可以报销吗？,你好我想问下门诊双通道现在也可以报销吗,24年：免赔额是年度内累计的（基础版99） ①责任一 医保范围内个人自付：免赔额 1.8万， 1.8
门诊保障,标准问题,你好我想问下门诊双通道现在也可以报销吗,你好我想问下门诊双通道现在也可以报销吗,"门诊双通道,是否可报销,门诊费用",成功,是,否,0%,0.896,你好我想问下门诊双通道现在也可以报销吗,请问门诊双通道的药品可以报销吗？,基础保障版（99元版本）①责任一：免赔额1.5万至2万元之间赔付20%；2万元以上非既往症赔付90%
产品信息,相似问题,免赔额具体金额是多少？,免赔额多少钱？,"免赔额金额,免赔额数额,自付额度",失败,否,否,0%,0.845,请问免赔额是多少,什么是免赔额？免赔额是多少？,升级保障版（150元版本）：①责任一：免赔额1.5至2万元之间赔付10%；2万元以上非既往症赔付90
产品信息,相似问题,全家参保有什么额外好处吗？,如果全家一起买保险有什么好处？,"全家参保,家庭共享,多人投保",成功,是,否,33%,0.845,全家参保有什么额外好处吗？,这款产品可以为他人投保吗？,同一投保人为3人及以上直系家庭成员同时购买的，其本人、配偶、父母及子女可分别共享责任一和责任二、三的
产品信息,相似问题,为什么建议您保留自动续保?,不设置自动续保会怎样？,"自动续保,续保,保障中断",成功,是,是,67%,0.872,为什么建议您保留自动续保?,如何取消自动续保,保障不中断：无需手动记投保时间，划扣成功后直接续接次年保障，避免因忙碌、遗忘导致“保障空窗期”，应对
产品信息,相似问题,这款产品有哪些投保渠道？,除了公众号，还有哪些地方可以买宁惠保？,"投保渠道,购买途径,线上投保",成功,是,否,33%,0.863,这款产品有哪些投保渠道？,在哪里查询投保须知？,您好，本产品投保渠道有微保小程序、南京宁惠保公众号、我的南京APP、支付宝APP。 您好，您可关注【
产品信息,相似问题,申请退保后保费多久到账？,退保之后多久能收到钱？,"退保,退款,保费到账",成功,是,否,33%,0.870,申请退保后保费多久到账？,退保的费用是怎么计算的？,您好，若您在投保期申请退保，退保申请成功后费用将在48小时内到账。保障生效后无法申请退保，若有特殊情
产品信息,相似问题,电子保单什么时候可以查下并下载？,电子保单在哪里可以查到？,"电子保单,下载,查询",成功,是,是,100%,0.839,电子保单什么时候可以查下并下载？,在哪里查询或下载我的保单？,您好，你可于缴费期结束后1个月后在【“南京宁惠保”公众号或“微保”小程序】-我的-保单-保单服务-保
产品信息,相似问题,这款产品的领款人是谁？,谁可以领取保险赔款？,"领款人,被保险人,监护人",成功,是,是,100%,0.793,这款产品的领款人是谁？,什么是等待期,您好，这款产品的医疗费用领款人是被保险人本人；如果被保险人是未成年人，那么领款人是监护人，需要在理赔
产品信息,相似问题,省外医保人员是否可以参保南京宁惠保？,外地人能买南京宁惠保吗？,"省外医保,参保条件,居住证明",成功,否,是,67%,0.861,非南京户籍人员是否可以购买南京宁惠保？,省外医保人员是否可以参保南京宁惠保？,非南京户籍人员也可以购买南京宁惠保，但需满足一定条件。如果由子女作为投保人购买，父母无需在南京居住或
产品信息,相似问题,南京基本医保参保人可以为直系亲属投保宁惠保吗？,我可以给家人买宁惠保吗？,"为亲属投保,直系亲属参保,家庭成员买保险",成功,是,否,0%,0.833,南京基本医保参保人可以为直系亲属投保宁惠保吗？,宁惠保六期是否支持使用医保个账购买，是否有金额限制，是否支持,南京基本医保参保人（包括南京城镇职工医保和城乡居民医保参保人群）可以为其直系亲属投保宁惠保，直系亲属
产品信息,相似问题,续保时需要再次告知身体状况吗,续保的时候还要说身体情况吗？,"续保,告知健康状况,身体情况",成功,是,否,33%,0.923,续保时需要再次告知身体状况吗,续保需要重新填写资料吗？,您好，续保时无需告知身体状况。 您好，续保时系统会保留上年投保信息，无需重新填写全部资料。但需确认：
产品信息,相似问题,续保需要重新填写资料吗？,续保的时候需要重新提交材料吗？,"续保,资料,重新填写",成功,是,是,100%,0.866,续保需要重新填写资料吗？,续保时需要再次告知身体状况吗,您好，续保时系统会保留上年投保信息，无需重新填写全部资料。但需确认：①个人信息是否变更（姓名、身份证
产品信息,相似问题,这款产品的赔付比例是多少？,这款保险能报多少？,"赔付比例,报销比例,免赔额",成功,否,是,67%,0.787,这款产品保额是多少？,这款产品的赔付比例是多少？,您好，这款产品保额分别为：
基础保障版（99元版本）：共计150万，其中责任一：100万 责任二、三
产品信息,相似问题,这款产品的等待期/观察期有多久？,买了保险多久才能理赔？,"等待期,观察期,责任",成功,否,是,67%,0.822,什么是等待期,这款产品的等待期/观察期有多久？,您好，等待期是指自本保险合同起始时间起计算的一段时间（该时间以保险合同载明为准；若保险合同未载明则该
产品信息,相似问题,去年参保了，今年继续参保有没有什么优待？,如果去年买了今年继续买，有什么好处？,"连续参保,续保优惠,未出险",成功,是,否,33%,0.719,去年参保了，今年继续参保有没有什么优待？,去年已购买了“南京宁惠保”，今年还需要重新购买吗？,连续两年及以上未中断投保“南京宁惠保”且未出险的，责任二、三赔付比例提升5%(基础版)/责任二、三、
产品信息,相似问题,购买宁惠保是否还需要购买国家基本医疗保险？,买了宁惠保还需要买医保吗？,"宁惠保,医保,基本医疗保险",成功,是,是,100%,0.894,购买宁惠保是否还需要购买国家基本医疗保险？,已经购买了其他医疗保障产品，是否还需要购买南京宁惠保？,购买宁惠保并不替代国家基本医疗保险，两者可以同时参保。宁惠保作为补充医疗保障，可对医保外费用进行赔付
产品信息,相似问题,这款产品什么时候生效？,买了之后多久才管用？,"生效时间,保障开始,什么时候开始",成功,是,否,0%,0.695,这款产品什么时候生效？,这款产品会停售吗？,您好，今年参保的宁惠保，保障是从2026年1月1日开始的，保障一整年。您现在参保，就是为明年的健康做
产品信息,相似问题,这款产品会停售吗？,这个保险还会继续卖吗？,"停售,停止销售,下架",成功,是,否,0%,0.836,这款产品会停售吗？,这款产品可以续保吗？续保规则是什么？,您好，本产品的参保开放时间为即日起至2025年12月31日。在此参保期结束后，您将无法参保。为了保证
产品信息,相似问题,这款产品保费是多少？,这款保险一年要交多少？,保费金额,成功,是,否,0%,0.829,这款产品保费是多少？,这款产品保额是多少？,您好，这款产品99元/年保费，升级保障版150元/年保费，还可灵活加购学生、幼儿意外保障25元/年、
产品信息,相似问题,这款产品保障多长时间？,这份保险能保几年？,"保障期限,有效期,多长时间",成功,是,否,0%,0.804,这款产品保障多长时间？,这款产品可以续保吗？续保规则是什么？,您好，这款产品保障期1年，2026年1月1日0时至2026年12月31日24时止。 您好，本产品无法
产品信息,相似问题,这款产品保额是多少？,最多能赔多少钱？,"保额,赔付上限,最高赔付",失败,否,否,33%,0.735,请问免赔额是多少,你告诉我达到多少费用就可以理赔吧？,升级保障版（150元版本）：①责任一：免赔额1.5至2万元之间赔付10%；2万元以上非既往症赔付90
产品信息,相似问题,这款产品可以为他人投保吗？,我可以给我爸妈买这份保险吗？,"为他人投保,给家人买,帮别人参保",成功,是,否,0%,0.826,这款产品可以为他人投保吗？,是否可以带病投保？,您好，您可以为您本人及近亲属投保，近亲属包括父母、配偶、子女、兄弟姐妹、祖父母、外祖父母、孙子女、外
产品信息,相似问题,这款产品可以续保吗？续保规则是什么？,明年还能继续买吗？,"续保规则,能否续保,每年可否续保",成功,是,否,0%,0.710,这款产品可以续保吗？续保规则是什么？,这款产品会停售吗？,您好，本产品无法保证每年是否可以续保，南京宁惠保是普惠型商业补充医疗保险，承保范围与医保政策衔接，因
产品信息,相似问题,这款产品生效时间早于投保时间是否合规？,保险什么时候开始生效？,"生效时间,投保时间,合规",成功,否,是,67%,0.864,这款产品什么时候生效？,这款产品生效时间早于投保时间是否合规？,您好，今年参保的宁惠保，保障是从2026年1月1日开始的，保障一整年。您现在参保，就是为明年的健康做
产品信息,相似问题,这款产品和其他商业险是否有冲突？,买了这个会影响别的保险吗？,"与其他保险冲突,和商业险关系,是否影响其他保险",成功,是,否,0%,0.775,这款产品和其他商业险是否有冲突？,这款产品会停售吗？,您好，这款产品与其他商业险是不冲突的，如果您购买的是重大疾病、身故、伤残类等给付型保险产品完全不受影
产品信息,相似问题,这款产品和医保的区别？,这款保险和医保有什么不同？,"南京宁惠保,医保区别,医疗补充保险",成功,是,是,67%,0.735,这款产品和医保的区别？,这款产品保障范围是什么？,您好，南京宁惠保是为南京人民量身定制的普惠型医疗补充保险。“南京宁惠保”紧密衔接医保，被保险人因疾病
产品信息,相似问题,这款产品怎么投保？,我要怎么买南京宁惠保？,"怎么参保,投保方式,购买方法",成功,是,否,0%,0.841,这款产品怎么投保？,在哪里查询投保须知？,您好，您可以关注【南京宁惠保】微信公众号-【参保】-选择【参保入口】进入页面，按照页面提示填写参保信
产品信息,相似问题,这款产品是哪个保险公司承保的？,宁惠保是哪个保险公司出的？,"承保公司,保险公司,联合承保",成功,是,否,33%,0.830,这款产品是哪个保险公司承保的？,在哪里查询投保须知？,您好，本产品由中国人民保险、太平洋财险、中国人寿财险、中华联合财险、中银保险、紫金财险、阳光财险、中
产品信息,相似问题,这款产品有哪些优待政策吗？,如果我每年都买宁惠保，有优惠吗？,"优待政策,续保优惠,保费减免",成功,是,否,0%,0.872,这款产品有哪些优待政策吗？,去年参保了，今年继续参保有没有什么优待？,（1）续保优待：
基础版：连续两年及以上未中断投保“南京宁惠保”且未出险的，责任二、三赔付比例提升5
产品信息,相似问题,去年已购买了“南京宁惠保”，今年还需要重新购买吗？,去年买了南京宁惠保，今年还要买吗？,"南京宁惠保,是否需要重新购买,一年期产品",成功,是,是,67%,0.882,去年已购买了“南京宁惠保”，今年还需要重新购买吗？,去年参保了，今年继续参保有没有什么优待？,“南京宁惠保”是一年期产品，需要每年投保。现在开放参保的“南京宁惠保”六期，保障时间是2026年1月
产品信息,相似问题,参保有截止日期吗？,南京宁惠保还有多久可以买？,"截止日期,参保时间,什么时候截止",成功,是,否,33%,0.834,参保有截止日期吗？,宁惠保六期理赔时间是什么时候？,您好，参保时间是即日起到2025年12月31日，过期就无法参保了。保障明年一整年，建议您尽早办理，别
产品信息,相似问题,什么是“南京宁惠保？,宁惠保是什么类型的保险？,"南京宁惠保,是什么,政府指导",成功,是,否,33%,0.786,什么是“南京宁惠保？,这款产品是哪个保险公司承保的？,南京宁惠保是由南京市医疗保障局、南京市委金融委员会办公室、南京市民政局、南京市农业农村局、南京市卫生
产品信息,相似问题,可以变更受益人吗,能不能改一下受益人信息？,"变更受益人,修改受益人,指定受益人",成功,是,否,33%,0.852,可以变更受益人吗,这是我投保人的电话,您好，本产品不可变更受益人。 责任五：上海质子重离子放射治疗费用医疗保障 | 100万保障期间内，被
产品信息,相似问题,哪些人群可以参保南京宁惠保？,哪些人可以买南京宁惠保？,"参保条件,南京宁惠保,医保参保人",成功,是,是,67%,0.867,哪些人群可以参保南京宁惠保？,哪些人群可以参加南京宁惠保？,南京宁惠保面向南京市基本医疗保险参保人员开放参保，包括城镇职工、城乡居民等。异地参保人员也可通过线上
产品信息,相似问题,哪些人群可以参加南京宁惠保？,没交医保的人能参加宁惠保吗？,"参保对象,近亲属,断保用户",成功,是,是,67%,0.819,哪些人群可以参加南京宁惠保？,哪些人群可以参保南京宁惠保？,南京宁惠保面向南京市基本医疗保险参保人员及其近亲属开放参保，包括但不限于已参保人员、断保用户以及未参
产品信息,相似问题,在哪里查询这款产品的条款？,这款保险具体保什么？,"保险条款,保障内容,合同",失败,否,否,0%,0.779,这款产品保障范围是什么？,这款产品保额是多少？,您好，本产品保险范围主要为：
基础保障版（99元版本）：
责任一：医保范围内医疗保障。保障期间内，被
产品信息,相似问题,城市定制型保险/普惠型补充医疗保险是什么？,什么是城市定制型商业保险？,"城市定制型保险,普惠型补充医疗,政府合作",成功,是,否,33%,0.778,城市定制型保险/普惠型补充医疗保险是什么？,什么是商业保险？,您好，城市普惠型补充医疗保险是各地政府联合保险公司推出的，立足当地医保政策及群众需求的高性价比报销型
产品信息,相似问题,填写的身份信息会被泄露吗？,填写的个人信息会不会被泄露？,"信息泄露,隐私保护,身份信息",成功,是,否,0%,0.825,填写的身份信息会被泄露吗？,保单号可以空着吗,您好，我们对您的信息承担保密义务，并仅会在您授权的范围内使用您的信息。同时，为保障您的信息安全，我们
产品信息,相似问题,外籍人士可以投保这款产品吗？,外国人可以买这款保险吗？,"外籍人士,投保资格,外国人参保",成功,是,否,33%,0.773,外籍人士可以投保这款产品吗？,这款产品可以为他人投保吗？,您好，外籍人士无法在线上完成投保。 您好，您可以为您本人及近亲属投保，近亲属包括父母、配偶、子女、兄
产品信息,相似问题,什么是免赔额？免赔额是多少？,免赔额多少钱？,"免赔额金额,免赔额数额,自付额度",失败,否,否,0%,0.845,请问免赔额是多少,什么是免赔额？免赔额是多少？,升级保障版（150元版本）：①责任一：免赔额1.5至2万元之间赔付10%；2万元以上非既往症赔付90
产品信息,相似问题,如何实现家庭参保共享免赔额，理赔时如何认定为一个家庭？,一家人能共享免赔额吗？,"免赔额共享,家庭免赔额,免赔额合并",失败,否,否,0%,0.875,家庭成员是否可以共享免赔额？,如何实现家庭参保共享免赔额，理赔时如何认定为一个家庭？,家庭成员可以共享免赔额，但需满足以下条件：同一投保人投保自己的直系亲属（父母、配偶、子女），且家庭成
产品信息,相似问题,如何查询自己是否已开通自动续保?,怎么查我有没有开自动续保？,"自动续保,查询,是否开通",成功,是,是,67%,0.842,如何查询自己是否已开通自动续保?,如何取消自动续保,（1）如您是通过我的南京APP、南京宁惠保公众号参保：可点击“南京宁惠保”公众号菜单栏→【个人中心】
产品信息,相似问题,保单到期后，没有出险保费会返还吗？,如果没出险，到期能拿回钱吗？,"保单到期,保费返还,消费型保险",成功,是,否,33%,0.800,保单到期后，没有出险保费会返还吗？,退保的费用是怎么计算的？,您好，本产品属于消费型保险， 它的保费相对低廉（每年一百左右），却能提供上百万元的保额，正是因为它是
产品信息,相似问题,宁惠保六期是否支持使用医保个账购买，是否有金额限制，是否支持为家庭成员购买？,可以用医保卡余额买宁惠保吗？,"医保个账,购买,金额限制",成功,是,是,100%,0.823,宁惠保六期是否支持使用医保个账购买，是否有金额限制，是否支持,是否可以带病投保？,宁惠保六期支持使用医保个账购买，且医保个账可为近亲属购买。关于医保个账内最低金额限制，具体以官方规定
产品信息,相似问题,什么是等待期,买了保险多久才能理赔？,"等待期,观察期,免责期",成功,是,否,33%,0.822,什么是等待期,这款产品的等待期/观察期有多久？,您好，等待期是指自本保险合同起始时间起计算的一段时间（该时间以保险合同载明为准；若保险合同未载明则该
产品信息,相似问题,宁惠保的赔付标准是什么？,宁惠保的赔付比例是多少？,"宁惠保,赔付标准,报销比例",失败,否,否,33%,0.808,想请问下理赔的金额？,宁惠保的免赔额是如何计算的？,25年25年：免赔额是年度内累计的（基础版99）①责任一 医保范围内个人自付：免赔额 1.5万， 1
产品信息,相似问题,家庭成员如何共享免赔额？需要提供哪些证明材料？,一家人能共享免赔额吗？,"免赔额共享,家庭免赔额,免赔额合并",失败,否,否,0%,0.875,家庭成员是否可以共享免赔额？,如何实现家庭参保共享免赔额，理赔时如何认定为一个家庭？,家庭成员可以共享免赔额，但需满足以下条件：同一投保人投保自己的直系亲属（父母、配偶、子女），且家庭成
产品信息,相似问题,家庭成员是否可以共享免赔额？,一家人能共享免赔额吗？,"免赔额共享,家庭免赔额,免赔额合并",成功,是,否,0%,0.875,家庭成员是否可以共享免赔额？,如何实现家庭参保共享免赔额，理赔时如何认定为一个家庭？,家庭成员可以共享免赔额，但需满足以下条件：同一投保人投保自己的直系亲属（父母、配偶、子女），且家庭成
产品信息,相似问题,已经划扣，需要取消，如何操作退费?,钱已经被扣了，怎么退回来？,"退保,取消保险,退款",成功,是,否,33%,0.794,已经划扣，需要取消，如何操作退费?,申请退保后保费多久到账？,如您需要退费，可以在保单生效前(2026公众号年1月1日前)，（1）在“南京宁惠保”菜单栏【个人中心
产品信息,相似问题,已经购买了其他产品，是否还需要购买这款产品？,已经有医保还需要买这个吗？,"重复购买,其他产品,是否需要",失败,否,否,0%,0.762,购买宁惠保是否还需要购买国家基本医疗保险？,已经购买了其他产品，是否还需要购买这款产品？,购买宁惠保并不替代国家基本医疗保险，两者可以同时参保。宁惠保作为补充医疗保障，可对医保外费用进行赔付
产品信息,相似问题,已经购买了其他医疗保障产品，是否还需要购买南京宁惠保？,我已经有商业医疗保险了，还用买宁惠保吗？,"已有医疗保障,是否还需,叠加保障",成功,是,否,0%,0.862,已经购买了其他医疗保障产品，是否还需要购买南京宁惠保？,购买宁惠保是否还需要购买国家基本医疗保险？,即使已购买其他医疗保障产品，仍建议购买南京宁惠保，因其提供双通道门诊用药报销、医保外费用免赔额降低、
产品信息,相似问题,开通了自动续保后会从哪些渠道划扣?,开通自动续保后保费从哪里扣？,"自动续保,划扣渠道,支付方式",成功,是,否,33%,0.873,开通了自动续保后会从哪些渠道划扣?,这个自动续保我都不知道怎么就自动续保了？能取消订单吗,将从您去年参保“南京宁惠保”五期时的支付渠道自动划扣，如您去年是使用医保个人账户支付，那么今年依然会
产品信息,相似问题,今年还可以用医保个账支付保费吗？,可以用医保卡里的钱交保费吗？,"医保个账,个人账户,医保余额",成功,是,否,33%,0.818,今年还可以用医保个账支付保费吗？,宁惠保六期是否支持使用医保个账购买，是否有金额限制，是否支持,可以的，支持使用医保个账余额为符合参保条件的本人、配偶、父母、子女支付保费，南京职工医保参保人还可用
产品信息,相似问题,与去年相比，“南京宁惠保”六期的保障有变化吗？,南京宁惠保六期和五期有什么不一样？,"南京宁惠保,六期,保障变化",成功,是,是,67%,0.799,与去年相比，“南京宁惠保”六期的保障有变化吗？,南京宁惠保六期有哪些保障和优惠政策？,一是新增了门诊用药可赔。升级版责任一，将住院期间和通过“双通道”在门诊（含定点零售药店）使用国家谈判
产品信息,相似问题,怎么为家人激活电子医保凭证？,如何给家人开通电子医保卡？,"激活医保凭证,电子医保卡,微信激活",成功,是,否,0%,0.787,怎么为家人激活电子医保凭证？,今年还可以用医保个账支付保费吗？,激活医保电子凭证需要使用本人实名的微信号，同时绑定本人的银行卡才可以成功激活，所以每个微信账号只能激
产品信息,相似问题,怎么查询或下载发票？,怎么获取宁惠保的发票？,"发票,电子发票,下载发票",成功,是,是,67%,0.866,怎么查询或下载发票？,宁惠保电子保单怎么下载？,您好，目前宁惠保参保后是可以提供电子发票。如有需求，我们为您登记后预计3个工作日发送。给您带来不便，
产品信息,相似问题,投保后，为什么一直显示出单中？,为什么显示还在出单？,"出单中,状态,审核",成功,是,是,100%,0.819,投保后，为什么一直显示出单中？,那个直赔怎么没有报销,您好，别担心，“出单中”是正常状态。因为保障是2026年1月1日才开始，保险公司正在审核中。等参保材
产品信息,相似问题,我是南京医保，可以给省内医保的家人/外地医保的家人参保吗,我可以用南京医保给外地的家人买保险吗？,"南京医保,家人参保,外地医保",成功,是,否,33%,0.902,我是南京医保，可以给省内医保的家人/外地医保的家人参保吗,南京基本医保参保人可以为直系亲属投保宁惠保吗？,可以参保。如果是江苏省内医保的家人，可以直接为他们参保；如果家人是外地医保，有两种情况可以为他们直接
产品信息,相似问题,投保后提供纸质保单还是电子保单？,买了保险会收到纸质合同吗？,"电子保单,纸质保单,凭证",成功,是,是,67%,0.827,投保后提供纸质保单还是电子保单？,为什么保单上没有保险公司的盖章？,您好，为倡导绿色环保本产品提供的是电子参保凭证。 您好，我们给您提供电子参保凭证上是有承保保险公司的
产品信息,相似问题,投保这款产品需要满足什么条件？,这款保险谁能买？,"投保条件,参保要求,购买资格",失败,否,否,0%,0.794,这款产品可以为他人投保吗？,投保这款产品需要满足什么条件？,您好，您可以为您本人及近亲属投保，近亲属包括父母、配偶、子女、兄弟姐妹、祖父母、外祖父母、孙子女、外
产品信息,相似问题,为什么价格这么优惠？,为什么这么便宜？,价格优惠原因,成功,是,否,0%,0.796,为什么价格这么优惠？,N/A,您好，因为“南京宁惠保”是由政府牵头，由南京市医疗保障局、南京市委金融委员会办公室、南京市民政局、南
产品信息,相似问题,退休后，可以投保本产品吗？,退休了还能买这个保险吗？,"退休,投保,购买",成功,是,是,67%,0.850,退休后，可以投保本产品吗？,这款产品会停售吗？,您好，满足投保条件的退休人员可以投保本产品。 您好，本产品的参保开放时间为即日起至2025年12月3
产品信息,相似问题,是否可以带病投保？,我已经有病了还能买这个保险吗？,"带病投保,可以买保险吗,已有疾病参保",成功,是,否,0%,0.801,是否可以带病投保？,投保这款产品是否需要健康告知/体检？,可以的，但需要注意的是，参保人在产品生效前如已患有约定的六种疾病或已存在这六种疾病的病前症状，并因此
产品信息,相似问题,暂时不需要自动续保“南京宁惠保六期，如何取消?,怎么关掉南京宁惠保的自动续保？,"取消自动续保,关闭续保服务,宁惠保六期",成功,是,否,33%,0.889,暂时不需要自动续保“南京宁惠保六期，如何取消?,怎么取消续保功能,（1）如您是通过我的南京APP、南京宁惠保公众号参保：可点击“南京宁惠保”公众号菜单栏→【个人中心】
产品信息,相似问题,有社保和无社保投保有什么区别,没有医保的人能不能买宁惠保？,"有社保和无社保区别,参保条件,是否必须有医保",失败,否,否,0%,0.837,购买宁惠保是否还需要购买国家基本医疗保险？,哪些人群可以参保南京宁惠保？,购买宁惠保并不替代国家基本医疗保险，两者可以同时参保。宁惠保作为补充医疗保障，可对医保外费用进行赔付
产品信息,相似问题,为什么保单上没有保险公司的盖章？,保单上怎么没有印章？,"保单,盖章,公章",成功,是,是,67%,0.865,为什么保单上没有保险公司的盖章？,保单号可以空着吗,您好，我们给您提供电子参保凭证上是有承保保险公司的公章的，请您放心。您可在保单生效后通过【南京宁惠保
产品信息,相似问题,预留手机号可以修改吗？如何修改？,手机号码可以改吗？,"手机号,修改,预留信息",成功,是,是,67%,0.772,预留手机号可以修改吗？如何修改？,可以变更受益人吗,您好，预留手机号可以修改。修改方式：关注【南京宁惠保】微信公众号 → 个人中心 → 个人信息 → 修
产品信息,相似问题,投保这款产品是否需要健康告知/体检？,买这款保险要体检吗？,"健康告知,体检,是否需要",成功,是,是,67%,0.850,投保这款产品是否需要健康告知/体检？,续保时需要再次告知身体状况吗,您好，这款产品不需要健康告知，也不需要体检。 您好，续保时无需告知身体状况。 24年：免赔额是年度内
产品信息,相似问题,非南京户籍人员是否可以购买南京宁惠保？,不是南京户口的人能买宁惠保吗？,"南京宁惠保,非户籍,购买条件",成功,是,否,33%,0.888,非南京户籍人员是否可以购买南京宁惠保？,省外医保人员是否可以参保南京宁惠保？,非南京户籍人员也可以购买南京宁惠保，但需满足一定条件。如果由子女作为投保人购买，父母无需在南京居住或
住院保障,相似问题,谁没事整天住院？,是不是经常住院才买这个保险？,"住院频率,住院次数,住院问题",成功,是,否,0%,0.880,谁没事整天住院？,现在住院自费太高，自费加起来2万才报吗,24年：免赔额是年度内累计的（基础版99）①责任一 医保范围内个人自付：免赔额 1.8万， 1.8万
住院保障,相似问题,可以延期么？我父母在南京住院现在已经回老家了，办理文件不方便,我爸妈回老家了，理赔材料来不及怎么办？,"延期,住院文件,办理不便",成功,是,否,0%,0.792,可以延期么？我父母在南京住院现在已经回老家了，办理文件不方便,线下理赔地址在哪里？,升级保障版（150元版本）：①责任一：免赔额1.5至2万元之间赔付10%；2万元以上非既往症赔付90
住院保障,相似问题,是多次住院累计报销额超过多少可以报销,多次住院的免赔额是累计的吗？,"多次住院,累计免赔额,报销门槛",成功,是,否,33%,0.829,是多次住院累计报销额超过多少可以报销,理赔金额为什么按年度计算而不是按治疗周期？,25年：免赔额是年度内累计的不区分单次多次（基础版99）①责任一 医保范围内个人自付：免赔额 1.5
住院保障,相似问题,住院总费用1.3万，自费4千,住院花了1.3万，自己要付多少？,"住院费用自费,赔付比例",成功,是,是,50%,0.852,住院总费用1.3万，自费4千,现在住院自费太高，自费加起来2万才报吗,24年：免赔额是年度内累计的（基础版99） ①责任一 医保范围内个人自付：免赔额 1.8万， 1.8
住院保障,相似问题,现在住院自费太高，自费加起来2万才报吗,住院花了很多钱，怎么才赔这么点？,"住院自费,年度累计",成功,是,否,0%,0.815,现在住院自费太高，自费加起来2万才报吗,住院总费用1.3万，自费4千,24年：免赔额是年度内累计的（基础版99）①责任一 医保范围内个人自付：免赔额 1.8万， 1.8万
保单服务,相似问题,在哪里查询或下载我的保单？,如何下载我的电子保单？,"下载,保单,电子凭证",成功,是,是,100%,0.859,在哪里查询或下载我的保单？,电子保单什么时候可以查下并下载？,您好，我们给您提供电子保单，保单生效后可通过【南京宁惠保】微信公众号-【我的服务】-【我的保单】，选
保单服务,相似问题,能查到我的保单么,我的保险合同可以在线查到吗？,"保单,查询,查看",成功,是,是,100%,0.869,能查到我的保单么,哪里可以查看我的保单,升级版：责任一：医保范围内医疗保障100万元 免赔额：1.45至2万元之间 非既往症人群50%，既往
保单服务,相似问题,25年12月住院，26年1月1号出院，怎么在查询时看不到25年这单，而且选择日期,25年12月住院，26年1月出院，能报哪一年的保险？,"跨年住院,报销,入院时间",成功,是,否,33%,0.833,25年12月住院，26年1月1号出院，怎么在查询时看不到25,理赔金额为什么按年度计算而不是按治疗周期？,以入院时间为准，入院在哪一年就在哪一年申请理赔。跨年费用理赔 ：按照住院时间算25年有保单的话，25
保单服务,相似问题,如何咨询关于南京宁惠保的参保问题？,想了解宁惠保怎么买，该找谁？,"咨询参保,购买问题,投保疑问",失败,否,否,0%,0.871,在哪里查询投保须知？,这款产品怎么投保？,您好，您可关注【南京宁惠保】微信公众号--【参保入口】，点击参保页面最下方的【投保须知及声明】查看。
保单查询,相似问题,保单号可以空着吗,申请理赔时没有保单号怎么办？,"保单号,填写要求,是否必填",成功,是,否,0%,0.848,保单号可以空着吗,线下理赔地址在哪里？,25年：免赔额是年度内累计的（基础版99）①责任一 医保范围内个人自付：免赔额 1.5万， 1.5万
保单查询,相似问题,宁惠保电子保单怎么下载？,怎么查宁惠保的电子保单？,"宁惠保,电子保单,下载",成功,是,是,67%,0.882,宁惠保电子保单怎么下载？,怎么查询或下载发票？,您好，下载保单或发票的步骤：一、公众号下载：关注微信公众号江苏人保财险—个性主页—中国人保-我的-我
保单查询,相似问题,这个自动续保我都不知道怎么就自动续保了？能取消订单吗,我不想继续买了，怎么关掉自动续保？,"自动续保,取消订单,退保",失败,否,否,33%,0.884,如何取消自动续保,这个自动续保我都不知道怎么就自动续保了？能取消订单吗,取消自动续保：①【我的南京APP】或微信服务号【南京宁惠保】“个人中心”--“我的保单”页面找到需要
保单查询,相似问题,哪里可以查看我的保单,怎么查我的保险单？,"保单,查看,凭证",成功,是,是,100%,0.870,哪里可以查看我的保单,能查到我的保单么,取消自动续保：①【我的南京APP】或微信公众号【南京宁惠保】“个人中心”--“我的保单”页面找到需要
保障范围,相似问题,门诊日间手术可以理赔吗？有哪些病种？,哪些门诊日间手术可以理赔？,"日间手术,理赔,病种",成功,是,是,100%,0.876,门诊日间手术可以理赔吗？有哪些病种？,请问门诊手术可以理赔吗,您好，患有门诊日间手术病种清单中的疾病，在医院的门诊日间手术病房进行手术，并且是按照门诊日间手术医疗
保障范围,相似问题,双通道门诊用药如何报销,双通道门诊的药品能报销吗？,"双通道,门诊用药,报销",成功,否,是,100%,0.891,请问门诊双通道的药品可以报销吗？,你好我想问下门诊双通道现在也可以报销吗,24年：免赔额是年度内累计的（基础版99） ①责任一 医保范围内个人自付：免赔额 1.8万， 1.8
保障范围,相似问题,什么情况下可以申请宁惠保理赔？,宁惠保什么时候可以报销？,"宁惠保理赔,申请条件,住院费用",成功,是,否,33%,0.804,什么情况下可以申请宁惠保理赔？,宁惠保六期理赔时间是什么时候？,您好，宁惠保理赔范围：住院和门特、门诊大病类型的门诊费用，经医保结算之后，剩余的费用达到免赔额的可以
保障范围,相似问题,去年投保了，今年投保，去年确认恶性肿瘤，算既往症吗？,去年确诊癌症，今年还能正常理赔吗？,"既往症,老毛病,恶性肿瘤",成功,是,否,33%,0.815,去年投保了，今年投保，去年确认恶性肿瘤，算既往症吗？,今年还支持直赔吗？直赔医院有哪些？,您好，连续参保情况下，如果您是产品生效期间确诊产品的既往症病种，也是属于非既往症，建议您连续参保 南
保障范围,相似问题,如何申请特药理赔？,怎么申请南京宁惠保的特药理赔？,"特药理赔,特效药,靶向药",成功,是,否,33%,0.892,如何申请特药理赔？,如何申请南京宁惠保医疗理赔？,特药理赔申请入口为：（1）【南京宁惠保】公众号-理赔专区-理赔申请-南京宁惠保特药理赔；（2）【我的
保障范围,相似问题,狂犬疫苗费用是否可以报销,打狂犬疫苗的钱能报吗？,"狂犬疫苗,报销,理赔范围",成功,是,是,100%,0.806,狂犬疫苗费用是否可以报销,那我刚才看你们的宣传说门诊看的也可以报，那是什么东西,狂犬疫苗费用不在宁惠保理赔范围内。宁惠保理赔范围包括住院和门特、门诊大病类型的门诊费用，经医保结算后
保障范围,相似问题,急诊费用是否可以报销？,急诊看病能报吗？,"急诊报销,门诊费用,理赔范围",成功,是,是,67%,0.749,急诊费用是否可以报销？,那我刚才看你们的宣传说门诊看的也可以报，那是什么东西,急诊费用不在保障范围内，宁惠保理赔范围包括住院、门特及门诊大病类型的门诊费用，经医保结算后剩余费用按
保障范围,相似问题,那之前门诊拍片子之类的算么？,之前在门诊拍片子能不能报？,"门诊,免赔额,报销",成功,是,是,67%,0.798,那之前门诊拍片子之类的算么？,那我刚才看你们的宣传说门诊看的也可以报，那是什么东西,26年：免赔额是年度内累计的（基础版99）①责任一：(住院/门特/门诊大病+住院期间经医保结算的双通
保障范围,相似问题,中草药费用报销吗？,中草药的费用可以报销吗？,"中草药,费用,报销",成功,是,是,100%,0.820,中草药费用报销吗？,进口药、自费药可以报销吗,您好，不符合当地医保范围的中草药类费用是不报销的，一般指营养滋补作用的单方、复方中药或中成药品，包括
保障范围,相似问题,哪些疾病可以理赔？,哪些病可以申请赔付？,"理赔,疾病,报销",成功,是,是,100%,0.791,哪些疾病可以理赔？,那我刚才看你们的宣传说门诊看的也可以报，那是什么东西,具体可理赔的疾病范围请参考保险条款中的疾病保障内容，建议您仔细阅读相关保险合同或咨询保险公司获取详细
保障范围,相似问题,本产品既往症具体有哪些？,哪些老毛病不能保？,"既往症有哪些,老毛病范围,已有疾病",成功,是,否,0%,0.725,本产品既往症具体有哪些？,对于既往症是什么政策啊,您好，本产品约定6种重大疾病为：
①恶性肿瘤；
②肾功能不全；
③肝硬化、肝功能不全；
④缺血性心脏
保障范围,相似问题,住院报销需要哪些材料？,住院理赔需要准备哪些资料？,"住院,报销,材料",成功,否,是,100%,0.859,理赔申请需要哪些材料？,住院报销需要哪些材料？,理赔材料需完整上传每一页，确保清晰。住院材料包括：住院发票、出院小结或出院记录、住院费用明细清单（左
保障范围,相似问题,这款产品可以重复报销吗？,能不能买两份一起用？,"重复报销,多份无效,只能买一份",成功,是,是,67%,0.781,这款产品可以重复报销吗？,这款产品可以为他人投保吗？,您好，这款产品是不可以重复报销的，同一被保险人在一个参保年度只能购买一份，购买多份无效，请您见谅。 
保障范围,相似问题,宁惠保是否包含意外险,宁惠保有没有意外保障？,"意外险,主险,附加险",成功,是,是,100%,0.803,宁惠保是否包含意外险,这款产品是哪个保险公司承保的？,宁惠保主险不包含意外险，但可加购附加险。少儿意外险25元/年，中老年意外险70元/年。已购买主险的用
保障范围,相似问题,宁惠保是否可以报销住院费用？,宁惠保住院费用能报多少？,宁惠保住院报销,成功,是,否,0%,0.875,宁惠保是否可以报销住院费用？,宁惠保理赔范围包括哪些类型费用？,宁惠保对住院费用的报销需满足免赔额条件。2025年宁惠保设有两个免赔额：责任一（医保目录内个人自付部
保障范围,相似问题,宁惠保理赔中哪些情况符合药房购药的理赔条件？,在药店买药能用宁惠保报销吗？,"宁惠保,药房购药,理赔条件",成功,是,是,100%,0.863,宁惠保理赔中哪些情况符合药房购药的理赔条件？,双通道门诊用药如何报销,宁惠保理赔中，符合药房购药理赔条件的情况包括：①在定点药房购药且享受门特/门诊大病待遇的购药行为；②
保障范围,相似问题,宁惠保理赔范围包括哪些类型费用？,宁惠保保什么类型的费用？,"宁惠保,理赔范围,保障内容",成功,是,是,67%,0.825,宁惠保理赔范围包括哪些类型费用？,宁惠保的理赔范围包括哪些类型费用？,宁惠保理赔范围包括住院和门特、门诊大病类型的门诊费用，经医保结算之后，剩余的费用达到免赔额的可以申请
保障范围,相似问题,宁惠保理赔范围是什么？,宁惠保都保哪些门诊和住院项目？,"宁惠保,理赔范围,保障范围",成功,否,是,100%,0.839,宁惠保理赔范围包括哪些类型费用？,宁惠保理赔范围是什么？,宁惠保理赔范围包括住院和门特、门诊大病类型的门诊费用，经医保结算之后，剩余的费用达到免赔额的可以申请
保障范围,相似问题,进口药、自费药可以报销吗,进口的药能报吗？,"进口药,自费药,报销",成功,是,是,100%,0.811,进口药、自费药可以报销吗,请问门诊双通道的药品可以报销吗？,“您好，进口药、自费药在符合规定的情况下是可以报销的。
基础版：住院或门特/门大病使用的医保目录内进
保障范围,相似问题,普通门诊费用是否可以报销？,普通门诊能报销吗？,"普通门诊,门诊费用,能否报销",成功,是,否,33%,0.855,普通门诊费用是否可以报销？,那我刚才看你们的宣传说门诊看的也可以报，那是什么东西,门诊只保障门诊特殊病和门诊大病，经医保结算后的金额。符合门特/门诊大病的病种，且享受门特/门诊大病的
保障范围,相似问题,脑梗、脑出血可以报销吗？,脑梗住院能报销吗？,"脑梗,脑出血,住院报销",成功,是,是,67%,0.864,脑梗、脑出血可以报销吗？,住院手术费用是否可以报销,您好，南京宁惠保不限病种，只要是住院期间产生的合理医疗费用，符合保障责任范围的都可以报销。脑梗、脑出
保障范围,相似问题,哪里可以查询医保定点医院？,怎么查医保指定的医院？,"医保,定点医院,查询",成功,是,是,100%,0.847,哪里可以查询医保定点医院？,什么是社会保险定点医院？,您好，您通过微信【我】-【支付】-【医疗健康】-【我的】-【国家医保电子凭证】-【医保公共服务查询】
保障范围,相似问题,国外的住院医疗费用本产品可以理赔吗？,在国外住院能不能报销？,"国外,住院费用,理赔",成功,是,否,33%,0.845,国外的住院医疗费用本产品可以理赔吗？,脑梗、脑出血可以报销吗？,您好，很抱歉，对于被保险人在中华人民共和国领土以外的国家或者地区，以及香港特别行政区、澳门特别行政区
保障范围,相似问题,哪些情况不赔付？除外责任是什么？,哪些情况不能理赔？,"不赔付,除外责任,免责条款",成功,是,否,33%,0.761,哪些情况不赔付？除外责任是什么？,理赔申请被驳回的原因是什么？,您好，不赔付的情况在【保险条款】-免除责任里有详细说明。您可以关注【南京宁惠保】微信公众号，在参保页
保障范围,相似问题,住院手术费用是否可以报销,做手术的费用能报吗？,"住院手术,门诊大病,门特",成功,否,是,67%,0.812,手术费用是否可以理赔,住院手术费用是否可以报销,本产品保障被保险人在保单年度内因疾病或意外导致的住院、门特、门诊大病费用，经医保报销后，达到免赔额后
保障范围,相似问题,住院费用是否可以报销？如何申请？,住院的费用能申请赔付吗？怎么操作？,"住院费用,是否可以报销,理赔流程",成功,是,是,67%,0.824,住院费用是否可以报销？如何申请？,现在住院自费太高，自费加起来2万才报吗,可以申请理赔。理赔流程为：1.通过『我的南京』APP-我的-南京宁惠保，或2.南京宁惠保微信公众号，
保障范围,相似问题,基因检测费用是否可以报销？,做基因检测能不能报保险？,"基因检测,费用报销,住院清单",成功,是,否,0%,0.802,基因检测费用是否可以报销？,投保这款产品是否需要健康告知/体检？,在住院费用清单内的可以报销，不在住院费用清单内的不报销。宁惠保理赔范围包括住院和门特、门诊大病类型的
保障范围,相似问题,手术费用是否可以理赔,做手术的费用可以申请赔款吗？,手术费理赔,成功,是,否,0%,0.826,手术费用是否可以理赔,医保报销后个人自付和自费费用如何赔付？,本产品保障被保险人在保单年度内因疾病或意外导致的住院、门特、门诊大病费用，经医保报销后，达到免赔额后
保障范围,相似问题,意外可以赔付吗？,如果发生意外能报销吗？,"意外,赔付,报销",成功,是,是,100%,0.813,意外可以赔付吗？,脑梗、脑出血可以报销吗？,您好，因意外导致的符合南京市医保支付范围内外的住院医疗费用可以申请赔付。 您好，南京宁惠保不限病种，
保障范围,相似问题,门诊费用是否可以报销？,门诊费用有哪些是可以报的？,"门诊费用,报销,保障内容",失败,否,否,33%,0.816,那我刚才看你们的宣传说门诊看的也可以报，那是什么东西,门诊费用是否可以报销？,24年：免赔额是年度内累计的（基础版99）①责任一 医保范围内个人自付：免赔额 1.8万， 1.8万
保障范围,相似问题,门诊看病是否可以报销,门诊看病能报销多少？,"门诊看病,报销,门特",成功,是,是,67%,0.865,门诊看病是否可以报销,那我刚才看你们的宣传说门诊看的也可以报，那是什么东西,门诊仅保障门诊特殊病和门诊大病，经医保结算后的金额。符合门特/门诊大病的病种，且享受门特/门诊大病的
保障范围,相似问题,门诊检查费用是否可以报销？,门诊检查的费用能报销吗？,"门诊检查,报销,费用",成功,是,是,67%,0.864,门诊检查费用是否可以报销？,那我刚才看你们的宣传说门诊看的也可以报，那是什么东西,普通门诊和门诊急诊的费用不在保障范围内，无法报销。宁惠保理赔范围包括住院和门特、门诊大病类型的门诊费
保障范围,相似问题,宁惠保的理赔范围包括哪些类型费用？,宁惠保能报销哪些类型的费用？,"宁惠保,理赔范围,报销类型",成功,否,是,67%,0.879,宁惠保理赔范围包括哪些类型费用？,宁惠保的理赔范围包括哪些类型费用？,宁惠保理赔范围包括住院和门特、门诊大病类型的门诊费用，经医保结算之后，剩余的费用达到免赔额的可以申请
保障范围,相似问题,痔疮手术是否可以理赔,做痔疮手术能报销吗？,"痔疮手术,理赔,日间手术",成功,是,是,100%,0.837,痔疮手术是否可以理赔,住院手术费用是否可以报销,痔疮手术是否可以理赔，需根据具体情况进行判断。若属于日间手术病种（20种）且享受了日间手术医保待遇，
保障范围,相似问题,这款产品保障范围是什么？,这个保险都保哪些项目？,"保障范围,保什么,覆盖内容",成功,是,否,0%,0.802,这款产品保障范围是什么？,这款产品保额是多少？,您好，本产品保险范围主要为：
基础保障版（99元版本）：
责任一：医保范围内医疗保障。保障期间内，被
保障范围,相似问题,种植牙是否可以报销,种牙能报保险吗？,"种植牙,报销范围,赔付内容",成功,是,是,67%,0.780,种植牙是否可以报销,投保这款产品是否需要健康告知/体检？,根据“南京宁惠保”保障内容，具体报销范围需以保险条款为准，建议咨询保险公司或查看保障细则确认种植牙是
保障范围,相似问题,门诊手术是否可以报销,门诊做个小手术能报销吗？,"门诊手术,报销条件,日间手术",成功,是,是,67%,0.835,门诊手术是否可以报销,普通门诊费用是否可以报销？,门诊日间手术费用在保障期间内，被保险人在门诊进行日间手术治疗，符合南京市日间手术统筹待遇标准的病种要
保障范围,相似问题,南京宁惠保六期有哪些保障和优惠政策？,宁惠保六期都保哪些东西？,"宁惠保六期保障,宁惠保内容,优惠条款",成功,是,否,0%,0.851,南京宁惠保六期有哪些保障和优惠政策？,与去年相比，“南京宁惠保”六期的保障有变化吗？,南京宁惠保六期【限时补缴通道】已开启，提供双通道门诊用药可赔、医保外费用免赔额降低、海内外特药数量增
保障范围,相似问题,南京宁惠保是否覆盖门诊治疗？,南京宁惠保有没有门诊的报销？,"南京宁惠保,门诊治疗,保障范围",成功,是,是,100%,0.838,南京宁惠保是否覆盖门诊治疗？,直赔登记怎么登记,南京宁惠保仅保障住院、门诊特殊病、门诊大病及150元升级版保障的日间门诊手术，这些门诊治疗类别需在医
保障范围,相似问题,“南京宁惠保”六期不能报销什么病种？,南京宁惠保六期哪些疾病不能报销？,"南京宁惠保,六期,不报销",成功,是,是,67%,0.898,“南京宁惠保”六期不能报销什么病种？,南京宁惠保六期有哪些保障和优惠政策？,不限病种，只要符合“南京宁惠保”六期保障责任范围内及理赔条件的医疗费用可以报销 南京宁惠保六期【限时
保障范围,相似问题,门特和门诊大病是什么？怎么办理？,什么是门特门诊？怎么申请？,"门特,门诊大病,办理流程",成功,是,是,67%,0.776,门特和门诊大病是什么？怎么办理？,什么是门诊大病？,您好，门特和门诊大病是医保划分的一些疾病类别，需要到医院医保办咨询是否符合门特或门诊大病的病种。如符
保障范围,相似问题,这款产品免除责任内容在哪里查看？,这款保险哪些情况不赔？,"免除责任,免责内容,不保什么",成功,是,否,33%,0.778,这款产品免除责任内容在哪里查看？,哪些情况不赔付？除外责任是什么？,您好，这款产品免除责任内容可关注【南京宁惠保】微信公众号-【参保入口】-进入参保页面，在参保页面下端
保障范围,相似问题,生孩子的费用能报销吗？,生宝宝的费用可以报销吗？,"生育费用,生孩子报销,产检费用",成功,是,否,0%,0.846,生孩子的费用能报销吗？,脑梗、脑出血可以报销吗？,您好，生育发生的医疗费用为本产品的除外责任，不能予以理赔，您可关注【南京宁惠保】微信公众号-进入参保
保障范围,相似问题,门诊日间手术包含哪些内容？,门诊看病能报保险吗？,"门诊,报销,理赔",失败,否,否,33%,0.845,那我刚才看你们的宣传说门诊看的也可以报，那是什么东西,门诊日间手术包含哪些内容？,24年：免赔额是年度内累计的（基础版99）①责任一 医保范围内个人自付：免赔额 1.8万， 1.8万
保障范围,相似问题,甲状腺手术费用是否可以报销,做了甲状腺手术能报保险吗？,"甲状腺手术,报销,理赔",成功,是,是,67%,0.835,甲状腺手术费用是否可以报销,手术费用是否可以理赔,住院费用经过医保结算之后可以申请理赔的，过了免赔额之后会有赔付的。理赔流程：1.我的南京app-我的
保障范围,相似问题,什么是责任一、责任二、责任三？各保障什么？,宁惠保都保哪些项目？,"责任一,责任二,责任三",失败,否,否,0%,0.758,宁惠保理赔范围包括哪些类型费用？,宁惠保理赔范围是什么？,宁惠保理赔范围包括住院和门特、门诊大病类型的门诊费用，经医保结算之后，剩余的费用达到免赔额的可以申请
其他问题,相似问题,如何申请南京宁惠保医疗理赔？,我要怎么申请南京宁惠保的医疗赔付？,"理赔申请,医疗理赔,报销",成功,是,是,100%,0.874,如何申请南京宁惠保医疗理赔？,如何进行南京宁惠保的理赔操作？,您可以通过南京APP或南京宁惠保微信公众号进行理赔申请。具体步骤为：进入个人中心—理赔服务—申请理赔
其他问题,相似问题,理赔金额是如何计算的？,理赔能赔多少钱？,"理赔金额,计算方式,医保后赔付",失败,否,否,0%,0.792,你告诉我达到多少费用就可以理赔吧？,想请问下理赔的金额？,26年：免赔额是年度内累计的 （基础版99） ①责任一 医保范围内个人自付：免赔额 1.5万， 1.
其他问题,相似问题,当地医保局电话多少？,请问本地医保局的联系电话是多少？,"医保局电话,当地医保咨询,医保热线",成功,是,否,33%,0.853,当地医保局电话多少？,人工客服电话是多少？,您好，当地医保咨询电话为025-12393。 您好，可拨打咨询电话4000040181咨询。 关于“
其他问题,相似问题,其他城市什么时候上线？,我们这边什么时候会上线这个保险？,"上线时间,城市覆盖,地区开通",成功,是,否,0%,0.864,其他城市什么时候上线？,这款产品什么时候生效？,您好，我们正在积极与各地政府沟通产品方案，希望尽快给各地用户提供此类普惠补充医疗产品。敬请期待！ 您
其他问题,相似问题,如何处理已投保但单位已为其办理团险的情况？,单位已经给我买了保险，我之前自己买的怎么办？,"团险重复,单位已参保,退款登记",成功,是,否,33%,0.799,如何处理已投保但单位已为其办理团险的情况？,这个自动续保我都不知道怎么就自动续保了？能取消订单吗,如果系统检测到您为他人投保的“南京宁惠保”六期产品，其所在单位已为其办理了团险，您可前往“南京宁惠保
客服渠道,相似问题,如有问题，去哪儿咨询？,有问题可以找谁帮忙？,"咨询,客服,联系方式",成功,是,是,67%,0.617,如有问题，去哪儿咨询？,人工客服电话是多少？,关于“南京宁惠保”产品及参保事宜，您可以关注“南京宁惠保”微信公众号，点击菜单栏【个人中心】—【在线
客服渠道,相似问题,人工客服电话是多少？,打哪个电话找客服？,"客服电话,联系电话,人工电话",成功,是,否,33%,0.808,人工客服电话是多少？,如有问题，去哪儿咨询？,您好，可拨打咨询电话4000040181咨询。 关于“南京宁惠保”产品及参保事宜，您可以关注“南京宁
客服渠道,相似问题,人工客服服务时间是多少？,你们几点下班？,"客服时间,服务时间,人工服务",成功,是,否,33%,0.670,人工客服服务时间是多少？,线下办理理赔的地址和时间是什么？,您好，客服渠道及服务时间如下：
1. 电话咨询：拨打4000040181，服务时间每天9:00-21
投保条件,相似问题,我想取消自动投保,怎么取消自动续保？,"取消自动投保,退保,关闭续保",失败,否,否,0%,0.891,如何取消自动续保,这个自动续保我都不知道怎么就自动续保了？能取消订单吗,取消自动续保：①【我的南京APP】或微信服务号【南京宁惠保】“个人中心”--“我的保单”页面找到需要
投保条件,相似问题,在哪里查询投保须知？,在哪买宁惠保？,"投保渠道,购买方式,参保途径",成功,是,否,33%,0.848,在哪里查询投保须知？,这款产品有哪些投保渠道？,您好，您可关注【南京宁惠保】微信公众号--【参保入口】，点击参保页面最下方的【投保须知及声明】查看。
投保条件,相似问题,如何重复参保南京宁惠保？,能不能重复买南京宁惠保？,"重复参保,再次投保,南京宁惠保",成功,是,是,67%,0.877,如何重复参保南京宁惠保？,去年已购买了“南京宁惠保”，今年还需要重新购买吗？,目前不支持重复参保，您需要确认是否已成功参保。如需了解参保详情，请点击下方的“立即参保”按钮进行投保
投保条件,相似问题,这是我投保人的电话,投保人的手机号码是哪个？,"投保人电话,联系方式,被保险人",成功,是,否,33%,0.853,这是我投保人的电话,保单号可以空着吗,责任五：上海质子重离子放射治疗费用医疗保障 | 100万保障期间内，被保险人自获得被保资格之日起，在
投保条件,相似问题,你好，请问投保的五期和六期有什么差别,请问基础版和升级版有什么不同？,"投保,五期,六期",成功,是,否,0%,0.722,你好，请问投保的五期和六期有什么差别,这款产品保费是多少？,基础保障版（99元版本）①责任一：免赔额1.5万至2万元之间赔付20%；2万元以上非既往症赔付90%
投保条件,相似问题,怎么查询别人是购买的是99还是150,别人买的宁惠保是99还是150？,"查询版本,99元,150元",成功,是,否,0%,0.825,怎么查询别人是购买的是99还是150,在哪里查询投保须知？,24年：免赔额是年度内累计的（基础版99）①责任一 医保范围内个人自付：免赔额 1.8万， 1.8万
投保条件,相似问题,后投保后多次时间生效,投保后免赔额怎么算？,多次投保生效规则,失败,否,否,0%,0.806,宁惠保的免赔额是如何计算的？,请问免赔额是多少,宁惠保设有免赔额，分为医保范围内个人自付和医保范围外个人自费两部分。医保范围内个人自付的免赔额为1.
既往症,相似问题,既往症是什么意思,什么是既往症？,"既往症,老毛病,已有疾病",失败,否,否,33%,0.719,什么是既往症？既往症包括哪些疾病？,怎么判断既往症？,既往症是指参保人在产品生效前已患下列六种疾病或已存在患上述疾病的病前症状，并因此疾病或其并发症导致在
既往症,相似问题,既往症怎么认定的,之前有病会影响理赔吗？,"既往症认定,老毛病处理,已有疾病",成功,是,否,0%,0.796,既往症怎么认定的,对于既往症是什么政策啊,既往症约定参保人在产品生效前如已患下列列明的六种疾病或已存在患下列列明的六种疾病的病前症状，并因此疾
既往症,相似问题,还有既往症是不是只能报销百分之30,有旧病的话能报多少？,"既往症,赔付比例,报销比例",成功,是,是,67%,0.782,还有既往症是不是只能报销百分之30,对于既往症是什么政策啊,25年：免赔额是年度内累计的（基础版99）①责任一：(住院/门特/门诊大病) 医保范围内个人自付：免
既往症,相似问题,怎么判断既往症？,怎么知道我是不是属于既往症？,"判断既往症,老毛病定义,已有疾病",成功,是,否,0%,0.763,怎么判断既往症？,既往症怎么认定的,关于被保险人特定既往症的约定如下：1、关于医保范围内住院医疗费用保障（责任一）与医保目录外院内自费药
既往症,相似问题,对于既往症是什么政策啊,有旧病还能不能理赔？,"既往症,老毛病,已有疾病",成功,是,否,33%,0.818,对于既往症是什么政策啊,既往症怎么认定的,25年：免赔额是年度内累计的（基础版99）①责任一 医保范围内个人自付：免赔额 1.5万， 1.5万
条款解释,相似问题,什么是个人自付和个人自费？,医保报销后自己还要付钱吗？,"个人自付,个人自费,医保目录内",成功,否,是,100%,0.783,医保报销后个人自付和自费费用如何赔付？,什么是个人自付和个人自费？,住院/门特/门诊大病，经过医保报销后，您个人支付的费用，医保局会划分成2部分：医保范围内个人自付和医
条款解释,相似问题,什么叫必需且合理的医疗费用？,什么是必须的医疗费用？,"必需且合理,医疗费用,治疗规范",成功,是,是,100%,0.776,什么叫必需且合理的医疗费用？,什么是个人自付和个人自费？,您好，必需且合理是指符合通常惯例且医学必需的医疗费用：
(1)符合通常惯例指与接受医疗服务所在地通行
条款解释,相似问题,投保人、被保险人分别指什么？,投保人和被保人有什么区别？,"投保人,被保险人,定义",成功,是,是,67%,0.834,投保人、被保险人分别指什么？,保险人是指什么？,您好，投保人就是购买保险的人，也就是出钱的。根据中国《保险法》规定，投保人是指与保险人订立保险合同，
条款解释,相似问题,医疗费用发票原件丢失了怎么办？,医疗发票弄丢了怎么办？,"发票丢失,医疗发票丢了,理赔材料缺失",成功,是,否,0%,0.853,医疗费用发票原件丢失了怎么办？,理赔原件可以退还吗,您好，若您的医疗费用发票原件丢失，建议您拨打宁惠保客服热线4000040181，由人工客服为您确认具
条款解释,相似问题,保险人是指什么？,什么是保险公司的角色？,"保险人,承保人,保险公司",成功,是,是,100%,0.751,保险人是指什么？,投保人、被保险人分别指什么？,您好，保险人又称承保人，根据中国《保险法》规定，是指与投保人订立保险合同，并承担赔偿或者给付保险金责
条款解释,相似问题,什么是医保身份？,什么是医保的参保身份？,"医保身份,社保身份,医保参保",成功,是,否,33%,0.858,什么是医保身份？,什么是社会基本医疗保险,您好，“医保”指的就是社会医疗保险（简称医保或社保），“医保身份”指的是用人单位或者个人根据社保政策
条款解释,相似问题,参保所需证件类型指的是什么,买保险需要带什么证件？,"证件类型,身份证,材料",成功,是,是,67%,0.849,参保所需证件类型指的是什么,投保后提供纸质保单还是电子保单？,您好，参保所需证件类型为中华人民共和国居民身份证，请您留意。 您好，为倡导绿色环保本产品提供的是电子
条款解释,相似问题,什么是社会保险定点医院？,哪些医院是医保定点的？,"定点医院,医保医院,社保医院",失败,否,否,33%,0.798,哪里可以查询医保定点医院？,什么是社会保险定点医院？,您好，您通过微信【我】-【支付】-【医疗健康】-【我的】-【国家医保电子凭证】-【医保公共服务查询】
条款解释,相似问题,什么是社会基本医疗保险,什么是国家规定的基本医保？,"社会基本医疗保险,医保,基本医疗",成功,是,是,100%,0.801,什么是社会基本医疗保险,购买宁惠保是否还需要购买国家基本医疗保险？,您好，社会基本医疗保险指国家最新修订颁布的《社会保险法》规定的基本医疗保险，包括城镇职工基本医疗保险
条款解释,相似问题,什么是商业保险？,商业保险和社保有什么区别？,"商业保险,商业险,非社保",成功,是,否,33%,0.808,什么是商业保险？,什么是社会基本医疗保险,商业保险是指通过订立保险合同运营，以营利为目的的保险形式，由专门的保险企业经营。 您好，社会基本医疗
条款解释,相似问题,什么是既往症？既往症包括哪些疾病？,既往症具体指哪些情况？,"既往症,老毛病,已有疾病",成功,是,否,33%,0.760,什么是既往症？既往症包括哪些疾病？,怎么判断既往症？,既往症是指参保人在产品生效前已患下列六种疾病或已存在患上述疾病的病前症状，并因此疾病或其并发症导致在
条款解释,相似问题,南京门诊大病指哪些病？,南京门诊大病包括哪些病？,"南京门诊大病,病种范围,特殊病种",成功,是,否,0%,0.853,南京门诊大病指哪些病？,什么是门诊大病？,目前：南京居民医保门诊特殊（门诊大病）病种共17种：
①恶性肿瘤 ②器官移植(含造血干细胞)术 ③后
条款解释,相似问题,什么是门诊大病？,门诊大病是什么意思？,"门诊大病,特殊疾病门诊,门特",成功,是,是,100%,0.804,什么是门诊大病？,门特和门诊大病是什么？怎么办理？,根据南京市特殊疾病门诊医疗制度（简称门诊大病制度），参加南京市基本医疗保险的居民，如果患有特定的严重
特药保障,相似问题,阿来替尼是特药吗,阿来替尼属于特药吗？,"阿来替尼,特药,特效药",成功,是,否,0%,0.777,阿来替尼是特药吗,那个医保外报销的指的就是特药报销？,26年：免赔额是年度内累计的（基础版99）①责任一 医保范围内个人自付：免赔额 1.5万， 1.5万
特药保障,相似问题,那个医保外报销的指的就是特药报销？,医保范围外的药能报销吗？,"医保外,特药,药品报销",成功,是,否,33%,0.884,那个医保外报销的指的就是特药报销？,进口药、自费药可以报销吗,升级版：责任一：医保范围内医疗保障100万元 免赔额：1.45至2万元之间 非既往症人群50%，既往
特药保障,相似问题,如果是不在医保内的药品，就没有包括在责任二里面？,医保范围外的药有没有报销？,"医保外药品,责任二,不包含",失败,否,否,33%,0.874,那个医保外报销的指的就是特药报销？,进口药、自费药可以报销吗,升级版：责任一：医保范围内医疗保障100万元 免赔额：1.45至2万元之间 非既往症人群50%，既往
特药保障,相似问题,能帮我查下格列卫在特药范围内吗？,格列卫在你们的特药保障里吗？,"格列卫,特药,药品范围",成功,是,否,0%,0.833,能帮我查下格列卫在特药范围内吗？,那个医保外报销的指的就是特药报销？,既往症：参保人在产品生效前如已患下列列明的六种疾病或已存在患下列列明的六种疾病的病前症状，并因此疾病
特药保障,相似问题,老人已经去世了，还有药品的报销。这怎么操作？没办法委托,被保险人过世了，还能不能报药费？,"去世,报销,药品",成功,是,否,33%,0.823,老人已经去世了，还有药品的报销。这怎么操作？没办法委托,进口药、自费药可以报销吗,⒈申请人与被保险人身份证正反面、⒉被保险人医保卡（非江苏省内医保/非芜马滁宣医保的须提供投保时满一年
理赔材料,相似问题,报销需要哪些材料？,申请理赔要准备哪些东西？,"报销材料,理赔资料,所需文件",失败,否,否,0%,0.816,理赔需要哪些资料？,理赔只需要银行卡号就可以吗？还需要什么？,您好，您可以关注【南京市宁惠保】微信公众号了解理赔所需资料，具体路径为：公众号--【理赔专区】--【
理赔材料,相似问题,理赔申请需要哪些材料？,申请理赔要准备什么文件？,"理赔材料,所需资料,住院发票",成功,否,是,100%,0.827,理赔需要哪些资料？,理赔只需要银行卡号就可以吗？还需要什么？,您好，您可以关注【南京市宁惠保】微信公众号了解理赔所需资料，具体路径为：公众号--【理赔专区】--【
理赔材料,相似问题,理赔需要哪些资料？,申请理赔需要准备哪些东西？,"理赔材料,所需资料,报销文件",成功,是,是,67%,0.815,理赔需要哪些资料？,理赔只需要银行卡号就可以吗？还需要什么？,您好，您可以关注【南京市宁惠保】微信公众号了解理赔所需资料，具体路径为：公众号--【理赔专区】--【
理赔材料,相似问题,特药直送需要什么材料？,还没买特药，想申请直送需要哪些材料？,"特药直送,购药前,所需材料",成功,是,否,33%,0.851,特药直送需要什么材料？,特药事后理赔需要什么材料？,您好，申请特药直送（您还未购药，通过特药直送仅需支付剩余费用）需要准备：1.被保险人身份证正反面；2
理赔材料,相似问题,理赔需要提供哪些资料？,我要怎么准备理赔所需的资料？,"理赔资料,申请材料,报销所需",失败,否,否,0%,0.818,理赔需要哪些资料？,理赔只需要银行卡号就可以吗？还需要什么？,您好，您可以关注【南京市宁惠保】微信公众号了解理赔所需资料，具体路径为：公众号--【理赔专区】--【
理赔材料,相似问题,异地就医需要提供哪些材料？,异地看病需要准备哪些文件？,"异地就医材料,所需资料,医保结算单",成功,是,否,33%,0.807,异地就医需要提供哪些材料？,住院材料需要哪些？,异地就医需提供医保结算单，该单据由参保地医保中心出具，金额更准确。如无法提供，可按现有材料理算（南京
理赔材料,相似问题,住院材料需要哪些？,住院报销需要提供哪些文件？,"住院,所需材料,出院记录",成功,否,是,100%,0.866,住院报销需要哪些材料？,住院材料需要哪些？,住院报销所需材料包括：住院发票、出院小结或出院记录、住院费用明细清单（需左上角标注‘南京市’，名称为
理赔材料,相似问题,理赔只需要银行卡号就可以吗？还需要什么？,申请赔款需要哪些资料？,"理赔材料,银行卡号,身份证",成功,否,是,100%,0.774,理赔需要哪些资料？,理赔只需要银行卡号就可以吗？还需要什么？,您好，您可以关注【南京市宁惠保】微信公众号了解理赔所需资料，具体路径为：公众号--【理赔专区】--【
理赔材料,相似问题,没出院就办了直赔，再直赔后出院之前又产生费用呢,没出医院就用了直赔，之后又花了钱怎么办？,"直赔,未出院,后续费用",成功,是,否,33%,0.868,没出院就办了直赔，再直赔后出院之前又产生费用呢,今年还支持直赔吗？直赔医院有哪些？,您好，本产品赔付比例为：基础保障版（99元版本）①责任一：免赔额1.5至2万元之间赔付20%；2万元
理赔材料,相似问题,特药事后理赔需要什么材料？,买了特药后要理赔需要准备哪些资料？,"特药,事后理赔,材料清单",成功,是,是,67%,0.877,特药事后理赔需要什么材料？,特药理赔怎么申请？,您好，特药事后理赔（您已完成购药）需要准备以下材料：1.被保险人身份证正反面；2.病历诊断报告；3.
理赔流程,相似问题,有理赔次数限制吗？,这个保险最多能赔多少次？,"理赔次数限制,赔付次数,报销次数",成功,是,否,0%,0.783,有理赔次数限制吗？,这款产品保额是多少？,您好，理赔次数没有限制，但保障期间内，各项保障责任赔付金额以保额为限。 您好，这款产品保额分别为：

理赔流程,相似问题,什么是直赔和快赔？有什么区别？,宁惠保可以直接在医院赔吗？,"直赔,快赔,理赔方式",成功,是,是,67%,0.853,什么是直赔和快赔？有什么区别？,直赔登记怎么登记,①直赔：南京医保参保人在42家直赔医院就诊，出院时宁惠保即给予赔付，无需提交理赔申请和材料，出院即赔
理赔流程,相似问题,今年还支持直赔吗？直赔医院有哪些？,今年还能直接赔付吗？哪些医院支持？,"直赔,直赔医院,免赔额",成功,是,是,100%,0.893,今年还支持直赔吗？直赔医院有哪些？,什么是直赔和快赔？有什么区别？,南京医保参保人在以下42家直赔医院就诊，在南京宁惠保公众号提前通过直赔登记，就可以享受直赔服务：直联
理赔流程,相似问题,医院等级在哪里查看？,怎么查这家医院是什么级别的？,"医院等级查询,医疗机构等级,医院级别",成功,是,否,0%,0.801,医院等级在哪里查看？,哪里可以查询医保定点医院？,您好，您可以通过全国医疗机构查询系统确认医院等级，具体网址为：http://www.gov.cn/f
理赔流程,相似问题,传统理赔需要提交哪些材料？,传统理赔要准备什么材料？,"理赔材料,住院发票,理赔申请",成功,是,否,33%,0.825,传统理赔需要提交哪些材料？,理赔只需要银行卡号就可以吗？还需要什么？,传统理赔需要提交的材料包括：住院发票、出院小结或出院记录、住院费用明细清单（左上角需标注‘南京市’，
理赔流程,相似问题,住院手术需要装起搏器，怎么申请理赔？,装心脏起搏器怎么报销？,"起搏器,住院理赔,直赔登记",成功,是,否,33%,0.787,住院手术需要装起搏器，怎么申请理赔？,那我刚才看你们的宣传说门诊看的也可以报，那是什么东西,您好，住院前可进行直赔登记。适用人群：南京基本医疗保险参保人员，一年申请一次即可（或在办理出院费用结
理赔流程,相似问题,你告诉我达到多少费用就可以理赔吧？,达到多少钱才能开始理赔？,"理赔起付线,免赔额标准",成功,是,否,0%,0.862,你告诉我达到多少费用就可以理赔吧？,理赔门槛是多少？超过多少费用可以申请理赔？,26年：免赔额是年度内累计的 （基础版99） ①责任一 医保范围内个人自付：免赔额 1.5万， 1.
理赔流程,相似问题,出院后。理赔是这样吗？,出院之后怎么申请理赔？,"出院后理赔,理赔流程,申请方式",成功,是,否,33%,0.864,出院后。理赔是这样吗？,没出院就办了直赔，再直赔后出院之前又产生费用呢,理赔申请方式：方式一：住院前可进行直赔登记：适用人群，南京基本医疗保险参保人员，一年申请一次即可（或
理赔流程,相似问题,医保报销后个人自付和自费费用如何赔付？,医保报销完还能报这部分钱吗？,"医保报销后,个人自付,自费费用",成功,是,是,67%,0.795,医保报销后个人自付和自费费用如何赔付？,理赔原件可以退还吗,住院/门特/门诊大病，经过医保报销后，您个人支付的费用，医保局会划分成2部分：医保范围内个人自付和医
理赔流程,相似问题,医保结算单是什么？,医保结算单是啥？,"医保结算单,医保单据,自付金额",成功,是,否,33%,0.862,医保结算单是什么？,异地就医结算单是什么？,医保结算单是指由医保参保地出具的包含个人自付（或先行自付、乙类自理）和个人自费（或丙类自理、超限价）
理赔流程,相似问题,南京宁惠保线下理赔地址在哪里？,南京宁惠保哪里可以现场申请赔款？,"南京宁惠保,理赔地址,线下办理",成功,是,是,67%,0.867,南京宁惠保线下理赔地址在哪里？,如何进行线下理赔？,南京宁惠保线下理赔地址为南京市秦淮区长白街346号，人保财险城南分公司宁惠保5号窗口。工作时间：工作
理赔流程,相似问题,参保地变更能赔付吗？,换了城市参保会影响理赔吗？,"变更参保地,赔付,医保中断",成功,是,否,0%,0.820,参保地变更能赔付吗？,什么是等待期,您好，被保险人首次参加基本医疗保险，或在本产品保障期间内中断医保参保缴费或欠缴费，本产品仅承担在医保
理赔流程,相似问题,可以为他人进行理赔报案吗？,我可以帮家人办理理赔吗？,"他人理赔,代报案,理赔代办",成功,是,否,0%,0.820,可以为他人进行理赔报案吗？,如何实现家庭参保共享免赔额，理赔时如何认定为一个家庭？,您好：可以为其他已参保南京宁惠保六期的被保险人进行理赔报案 家庭参保共享免赔额是指同一家庭成员共同参
理赔流程,相似问题,在哪里查询理赔须知？,理赔需要什么资料？,"理赔须知,报销说明,申请赔款",失败,否,否,33%,0.840,理赔需要哪些资料？,理赔只需要银行卡号就可以吗？还需要什么？,您好，您可以关注【南京市宁惠保】微信公众号了解理赔所需资料，具体路径为：公众号--【理赔专区】--【
理赔流程,相似问题,如何办理宁惠保理赔？,怎么申请宁惠保的赔款？,"理赔流程,报销材料,住院发票",成功,是,否,33%,0.818,如何办理宁惠保理赔？,如何申请理赔？理赔流程是什么？,宁惠保理赔可以一次性报理赔，也可以分开理赔，只要符合理赔范围即可。需要提供住院发票、出院小结或出院记
理赔流程,相似问题,如何查询理赔进度？,我的理赔申请处理到哪一步了？,"理赔进度,查询状态,报销进展",成功,是,否,33%,0.794,如何查询理赔进度？,提交理赔后多久能审核完？,您好，您可以通过以下方式查询理赔进度：
① 关注【南京宁惠保】微信公众号，点击【我的服务】-【理赔进
理赔流程,相似问题,如何申请宁惠保理赔？,宁惠保六期什么时候能申请理赔？,"宁惠保理赔,申请,时间",成功,否,是,67%,0.902,宁惠保六期理赔时间是什么时候？,如何申请宁惠保理赔？,宁惠保六期理赔需等待26年理赔通道开启后申请。12月31日前投保的，2月10日可理赔；12月31日后
理赔流程,相似问题,如何申请理赔？理赔流程是什么？,宁惠保理赔有几种方式？分别怎么操作？,"理赔,流程,方式",成功,是,是,100%,0.863,如何申请理赔？理赔流程是什么？,理赔申请的渠道有哪些,除了直赔，“南京宁惠保”还有快赔和传统理赔两种方式。这两种理赔方式需要在“南京宁惠保”公众号【理赔专
理赔流程,相似问题,如何进行南京宁惠保的理赔操作？,怎么申请南京宁惠保的理赔？,"理赔,报销,申请赔款",成功,是,否,33%,0.872,如何进行南京宁惠保的理赔操作？,如何申请南京宁惠保医疗理赔？,理赔流程如下：1.通过『我的南京』APP，进入『我的』-『南京宁惠保』-『南京宁惠保医疗及附加险理赔
理赔流程,相似问题,如何进行理赔？,南京宁惠保怎么进行理赔？,"理赔,操作,流程",成功,是,是,67%,0.873,如何进行理赔？,如何进行南京宁惠保的理赔操作？,理赔流程如下：1.通过『我的南京』APP，进入『我的』-『南京宁惠保』；2.或通过南京宁惠保微信公众
理赔流程,相似问题,如何进行理赔申请？,我该怎么申请南京宁惠保的理赔？,"理赔申请,怎么申请,南京宁惠保",成功,否,是,67%,0.867,如何进行南京宁惠保的理赔操作？,如何进行理赔申请？,理赔流程如下：1.通过『我的南京』APP，进入『我的』-『南京宁惠保』-『南京宁惠保医疗及附加险理赔
理赔流程,相似问题,如何进行线下理赔？,南京宁惠保能去线下申请理赔吗？,"线下理赔,现场办理,材料",成功,否,是,67%,0.886,南京宁惠保线下理赔地址在哪里？,如何进行线下理赔？,南京宁惠保线下理赔地址为南京市秦淮区长白街346号，人保财险城南分公司宁惠保5号窗口。工作时间：工作
理赔流程,相似问题,宁惠保六期理赔时间是什么时候？,什么时候可以开始申请理赔？,"理赔时间,通道开启,申请时间",成功,是,否,33%,0.779,宁惠保六期理赔时间是什么时候？,你告诉我达到多少费用就可以理赔吧？,宁惠保六期理赔需等待26年理赔通道开启后申请。12月31日前投保的，2月10日可理赔；12月31日后
理赔流程,相似问题,宁惠保的理赔条件是什么？,宁惠保什么情况可以申请理赔？,"宁惠保,理赔条件,报销条件",成功,是,否,33%,0.842,宁惠保的理赔条件是什么？,什么情况下可以申请宁惠保理赔？,宁惠保的理赔范围包括住院和门特、门诊大病类型的门诊费用，经医保结算之后，剩余的费用按不同责任理赔，超
理赔流程,相似问题,异地就医包括哪些人员？,哪些人可以算作异地就医人员？,"异地就医,人员范围,异地安置",成功,是,是,67%,0.839,异地就医包括哪些人员？,异地就医是否可以理赔？,您好，异地就医人员包括：①异地安置退休人员，即退休后在异地定居并且户籍迁入定居地的人员；②异地长期居
理赔流程,相似问题,异地就医是否可以理赔？,在外地看病可以申请赔付吗？,"异地就医,理赔,报销",成功,是,是,100%,0.813,异地就医是否可以理赔？,进口药、自费药可以报销吗,您好，在外地/异地医保定点医院就医是可以申请理赔的，具体理赔情况如下：
①常住（驻）人员在备案地医保
理赔流程,相似问题,异地就医结算单是什么？,异地就医后需要开什么单子？,"异地就医结算单,结算单据,医保结算",成功,是,是,67%,0.813,异地就医结算单是什么？,异地就医需要提供哪些材料？,异地就医住院费用结算单是指在异地就医的情况下，参保地医保中心开出的结算单据。该单据包含了医疗费用的明
理赔流程,相似问题,身份证件过期后可以申请理赔吗,身份证过期了还能不能报销？,"理赔,证件过期,申请",成功,是,是,100%,0.856,身份证件过期后可以申请理赔吗,这款产品可以重复报销吗？,您好，若您的有效证件过期的，为了保护您的权益，暂时不可以申请理赔。我们建议 您可以先更换有效证件后再
理赔流程,相似问题,怎么办理异地就医备案手续？,我要去外地看病，怎么提前备案？,"异地就医备案,异地就医手续,备案方式",成功,是,否,33%,0.819,怎么办理异地就医备案手续？,异地就医是否可以理赔？,您好，可通过以下方式办理异地就医备案手续：
①参保单位可以通过南京市人力资源和社会保障网站，登录后为
理赔流程,相似问题,想请问下理赔的金额？,理赔最多能赔多少钱？,"理赔金额,赔付比例,报销多少",失败,否,否,33%,0.778,你告诉我达到多少费用就可以理赔吧？,想请问下理赔的金额？,26年：免赔额是年度内累计的 （基础版99） ①责任一 医保范围内个人自付：免赔额 1.5万， 1.
理赔流程,相似问题,我理赔资料填写不符吗,我的理赔资料填错了怎么办？,"理赔资料不符,材料错误,填写错误",成功,是,否,0%,0.873,我理赔资料填写不符吗,保单号可以空着吗,24年：免赔额是年度内累计的（基础版99） ①责任一 医保范围内个人自付：免赔额 1.8万， 1.8
理赔流程,相似问题,指定医院有哪些？,哪些医院可以用这个保险？,"指定医院,定点医疗机构,可就诊医院",成功,是,否,33%,0.766,指定医院有哪些？,这款产品保障范围是什么？,您好，本产品指定医院如下：
①社会保险定点医院
②质子重离子医疗费用的指定医院是上海质子重离子医院 
理赔流程,相似问题,提交理赔后多久能审核完？,提交理赔后要等多久？,"理赔时间,审核周期,处理时长",成功,是,否,0%,0.834,提交理赔后多久能审核完？,理赔审核需要多长时间？,您好，理赔审核时间如下：
① 一般案件：5-10个工作日
② 复杂案件：可能需要15-20个工作日

理赔流程,相似问题,2026年的理赔在快速理赔里查不到怎么办？,为什么2026年的理赔在快速理赔里查不到？,"理赔,查询不到,快速理赔",成功,是,是,100%,0.867,2026年的理赔在快速理赔里查不到怎么办？,那个直赔怎么没有报销,您好，快速理赔功能仅支持查询当年已审核通过的理赔记录。如查询不到2026年理赔：
① 确认理赔申请是
理赔流程,相似问题,没有到医保报销可以直接申请理赔吗？,没有走医保可以直接找保险公司理赔吗？,"医保报销,直接理赔,未经医保",成功,是,否,33%,0.876,没有到医保报销可以直接申请理赔吗？,出院后。理赔是这样吗？,您好，本产品不接受用户未经医保的报销后直接向保司申请理赔，参保人享受医保待遇，但未使用基本医疗保险报
理赔流程,相似问题,特药理赔怎么申请？,怎么申请特药的理赔？,"特药,理赔流程,申请方式",成功,是,否,33%,0.852,特药理赔怎么申请？,如何申请特药理赔？,您好，特药理赔申请路径：1.【南京宁惠保】公众号：理赔服务—理赔申请—特药理赔；2.【我的南京】AP
理赔流程,相似问题,理赔原件可以退还吗,理赔之后发票还能要回来吗？,"理赔原件,发票退还,分割单",成功,是,否,33%,0.855,理赔原件可以退还吗,理赔时需要发票原件吗,您好，索赔后的医疗费用发票原件我们是不主动退还的，但是当您的赔付金额未达到您实际支出的医疗费用全额时
理赔流程,相似问题,理赔审核需要多长时间？,提交理赔多久能有结果？,"理赔审核,处理时间,快赔",成功,是,是,67%,0.856,理赔审核需要多长时间？,提交理赔后多久能审核完？,您好，理赔时效如下：
1. 快赔：3个工作日内完成；
2. 传统理赔：5-7个工作日内完成立案审核；
理赔流程,相似问题,理赔时需要发票原件吗,理赔需要发票吗？,"理赔材料,发票原件,电子材料",成功,是,是,100%,0.815,理赔时需要发票原件吗,理赔原件可以退还吗,您好，被保险人在扣除1.5-2万免赔后索赔金额1万元以下的上传电子材料索赔 （发票拍照前需用黑色水笔
理赔流程,相似问题,理赔未通过的原因是什么？,为什么我的理赔没通过？,"理赔失败,未通过原因,审核不通过",成功,是,否,0%,0.842,理赔未通过的原因是什么？,理赔申请被驳回的原因是什么？,理赔未通过的原因包括：1、25年入院，请去五期申请理赔；2、请补充本次住院对应的清单抬头为《南京市基
理赔流程,相似问题,理赔标准是什么？,理赔要多少钱才能赔？,"理赔标准,赔付门槛,免赔额",失败,否,否,33%,0.822,你告诉我达到多少费用就可以理赔吧？,理赔门槛是多少？超过多少费用可以申请理赔？,26年：免赔额是年度内累计的 （基础版99） ①责任一 医保范围内个人自付：免赔额 1.5万， 1.
理赔流程,相似问题,理赔申请有哪些方式？哪种方式更方便？,怎么申请理赔？有哪些方法？,"理赔方式,申请渠道,线上申请",成功,是,是,67%,0.830,理赔申请有哪些方式？哪种方式更方便？,申请理赔的方式有哪些？哪种方式更方便？,理赔申请可通过线上渠道或线下途径进行。具体方式包括：通过官方APP、微信公众号、官网等线上平台提交申
理赔流程,相似问题,理赔申请的渠道有哪些,哪里可以申请理赔？,"理赔渠道,申请路径,线上平台",失败,否,否,33%,0.821,线下理赔地址在哪里？,理赔申请的渠道有哪些,南京宁惠保线下理赔地址为南京市秦淮区长白街346号，人保财险城南分公司宁惠保5号窗口。工作人员将协助
理赔流程,相似问题,理赔申请被驳回的原因是什么？,为什么我的理赔申请没通过？,"理赔驳回,申请被拒,自费购药",失败,否,否,33%,0.847,理赔未通过的原因是什么？,理赔申请被驳回的原因是什么？,理赔未通过的原因包括：1、25年入院，请去五期申请理赔；2、请补充本次住院对应的清单抬头为《南京市基
理赔流程,相似问题,理赔立案需要多长时间？,理赔多久能处理完？,"理赔时效,立案时间,审核周期",失败,否,否,33%,0.831,理赔审核需要多长时间？,提交理赔后多久能审核完？,您好，理赔时效如下：
1. 快赔：3个工作日内完成；
2. 传统理赔：5-7个工作日内完成立案审核；
理赔流程,相似问题,理赔金额为什么按年度计算而不是按治疗周期？,理赔金额是按年算还是按次算？,"年度计算,治疗周期,免赔额累计",成功,是,否,33%,0.823,理赔金额为什么按年度计算而不是按治疗周期？,想请问下理赔的金额？,您好，宁惠保保障周期为自然年度（每年1月1日至12月31日），理赔金额按年度累计计算，不按单次治疗周
理赔流程,相似问题,理赔门槛是多少？超过多少费用可以申请理赔？,理赔要多少钱才能报？,"免赔额,门槛费,理赔标准",失败,否,否,33%,0.826,你告诉我达到多少费用就可以理赔吧？,理赔门槛是多少？超过多少费用可以申请理赔？,26年：免赔额是年度内累计的 （基础版99） ①责任一 医保范围内个人自付：免赔额 1.5万， 1.
理赔流程,相似问题,理赔需要多长时间？,提交理赔后多久能拿到钱？,"理赔时间,处理时效,多久能赔",失败,否,否,0%,0.828,提交理赔后多久能审核完？,理赔审核需要多长时间？,您好，理赔审核时间如下：
① 一般案件：5-10个工作日
② 复杂案件：可能需要15-20个工作日

理赔流程,相似问题,申请理赔的方式有哪些？哪种方式更方便？,怎么申请理赔比较方便？,"理赔方式,申请赔款,线上申请",成功,是,是,67%,0.840,申请理赔的方式有哪些？哪种方式更方便？,理赔申请有哪些方式？哪种方式更方便？,理赔方式包括线上申请和线下提交。线上申请通过官方平台或APP操作，更为便捷快速，建议优先选择线上方式
理赔流程,相似问题,立案需要多长时间？,理赔多久能处理完？,"立案时间,理赔进度,结案周期",失败,否,否,0%,0.831,理赔审核需要多长时间？,提交理赔后多久能审核完？,您好，理赔时效如下：
1. 快赔：3个工作日内完成；
2. 传统理赔：5-7个工作日内完成立案审核；
理赔流程,相似问题,线下办理理赔指导地址和时间是什么？,哪里可以线下办理理赔？,"线下理赔,办理地点,窗口地址",失败,否,否,33%,0.923,线下理赔地址在哪里？,线下办理理赔的地址和时间是什么？,南京宁惠保线下理赔地址为南京市秦淮区长白街346号，人保财险城南分公司宁惠保5号窗口。工作人员将协助
理赔流程,相似问题,线下办理理赔的地址和时间是什么？,去哪办线下理赔？,"线下理赔地址,工作时间",成功,否,是,100%,0.929,线下理赔地址在哪里？,线下办理理赔的地址和时间是什么？,南京宁惠保线下理赔地址为南京市秦淮区长白街346号，人保财险城南分公司宁惠保5号窗口。工作人员将协助
理赔流程,相似问题,线下理赔地址和工作时间是什么？,线下理赔的具体地址是什么？,"线下理赔,地址,工作时间",成功,否,是,100%,0.920,线下理赔地址在哪里？,线下理赔地址和工作时间是什么？,南京宁惠保线下理赔地址为南京市秦淮区长白街346号，人保财险城南分公司宁惠保5号窗口。工作人员将协助
理赔流程,相似问题,线下理赔地址在哪里？,线下理赔窗口设在哪儿？,线下理赔地址,成功,是,是,100%,0.922,线下理赔地址在哪里？,线下理赔网点地址和工作时间是什么？,南京宁惠保线下理赔地址为南京市秦淮区长白街346号，人保财险城南分公司宁惠保5号窗口。工作人员将协助
理赔流程,相似问题,线下理赔网点地址和工作时间是什么？,线下理赔的网点有哪些？,"线下理赔,网点地址,工作时间",成功,否,是,67%,0.883,线下理赔地址在哪里？,线下理赔网点地址和工作时间是什么？,南京宁惠保线下理赔地址为南京市秦淮区长白街346号，人保财险城南分公司宁惠保5号窗口。工作人员将协助
理赔流程,相似问题,请问门诊手术可以理赔吗,门诊做个小手术能理赔吗？,"门诊手术,理赔,日间手术",成功,是,是,67%,0.865,请问门诊手术可以理赔吗,我看保单上有门诊手术免赔额是1000元。,您好，患有如下疾病(门诊日间手术病种清单)，在医院的门诊日间手术病房进行手术，并且是按照“门诊日间手
理赔计算,相似问题,我看保单上有门诊手术免赔额是1000元。,门诊手术的免赔额是多少？,"门诊手术,免赔额,1000元",成功,是,否,33%,0.843,我看保单上有门诊手术免赔额是1000元。,那之前门诊拍片子之类的算么？,您好，患有如下疾病(门诊日间手术病种清单)，在医院的门诊日间手术病房进行手术，并且是按照“门诊日间手
理赔计算,相似问题,免赔额不是按年算吗，为什么还有免赔额,什么是免赔额？,"免赔额定义,免赔额含义,免赔额解释",失败,否,否,0%,0.803,什么是免赔额？免赔额是多少？,请问免赔额是多少,您好，免赔额是指注明属于承保范围的索赔金额中，在依据保险单申请相应的保险金前，应当由被保险人自己承担
理赔计算,相似问题,未达免赔额是什么意思,什么是免赔额？,"免赔额定义,免赔额含义,免赔额解释",失败,否,否,0%,0.803,什么是免赔额？免赔额是多少？,请问免赔额是多少,您好，免赔额是指注明属于承保范围的索赔金额中，在依据保险单申请相应的保险金前，应当由被保险人自己承担
理赔计算,相似问题,请问免赔额是多少,免赔额多少钱？,"免赔额金额,免赔额数额,自付额度",成功,是,否,0%,0.845,请问免赔额是多少,什么是免赔额？免赔额是多少？,升级保障版（150元版本）：①责任一：免赔额1.5至2万元之间赔付10%；2万元以上非既往症赔付90
理赔计算,相似问题,日间免赔只自费部分吗，我2024年跟明天俩次手术要分两次赔付吗,日间手术的免赔额怎么算？,"免赔额,自付部分,日间手术",成功,是,是,67%,0.843,日间免赔只自费部分吗，我2024年跟明天俩次手术要分两次赔付,我看保单上有门诊手术免赔额是1000元。,25年：免赔额是年度内累计的（基础版99）①责任一 医保范围内个人自付：免赔额 1.5万， 1.5万
直赔快赔,相似问题,南京鼓楼医院南部院区住院可以直赔吗？,在鼓楼医院住院可以直接理赔吗？,"南京鼓楼医院,直赔,住院理赔",成功,是,否,33%,0.844,南京鼓楼医院南部院区住院可以直赔吗？,今年还支持直赔吗？直赔医院有哪些？,理赔申请方式：方式一：住院前可进行直赔登记：适用人群，南京基本医疗保险参保人员，一年申请一次即可（或
直赔快赔,相似问题,那个直赔怎么没有报销,为什么直付没看到赔款？,"直赔,没有报销,赔付比例",成功,是,否,33%,0.888,那个直赔怎么没有报销,没出院就办了直赔，再直赔后出院之前又产生费用呢,您好，本产品赔付比例为： 基础保障版（99元版本） ①责任一：免赔额1.5万至2万元之间赔付20%；
直赔快赔,相似问题,快赔系统没带出来这一段时间的就诊记录，走的传统通道,我的免赔额是多少？超过部分怎么赔？,"免赔额,赔付比例,责任一",成功,否,是,100%,0.836,请问免赔额是多少,什么是免赔额？免赔额是多少？,升级保障版（150元版本）：①责任一：免赔额1.5至2万元之间赔付10%；2万元以上非既往症赔付90
直赔快赔,相似问题,直赔登记怎么登记,怎么办理直赔登记？,"直赔登记,如何登记,南京宁惠保",成功,是,是,67%,0.789,直赔登记怎么登记,那个直赔怎么没有报销,直赔登记：需要提前在“南京宁惠保”公众号进行直赔登记并通过审核，（3个工作日内完成对登记信息的审核）
费用说明,相似问题,宁惠保的免赔额是如何计算的？,免赔额怎么算？,"免赔额计算,免赔额算方法,免赔额如何算",失败,否,否,0%,0.820,请问免赔额是多少,宁惠保的免赔额是如何计算的？,升级保障版（150元版本）：①责任一：免赔额1.5至2万元之间赔付10%；2万元以上非既往症赔付90
退保流程,相似问题,如何办理退保手续？,怎么退掉这个保险？,"退保,取消保险,退款流程",成功,是,否,33%,0.832,如何办理退保手续？,已经划扣，需要取消，如何操作退费?,如需退保，请提供被保人的身份证号，并根据客服要求补充相关材料，如4.16的清单最后一页及5.10金额
退保流程,相似问题,取消自动续保这个,怎么取消自动续保功能？,"取消自动续保,退保,关闭续保",失败,否,否,33%,0.894,如何取消自动续保,这个自动续保我都不知道怎么就自动续保了？能取消订单吗,取消自动续保：①【我的南京APP】或微信服务号【南京宁惠保】“个人中心”--“我的保单”页面找到需要
退保流程,相似问题,这款产品的犹豫期有多久？,买了保险后可以反悔吗？,"犹豫期,冷静期,退保",成功,是,是,67%,0.771,这款产品的犹豫期有多久？,已经划扣，需要取消，如何操作退费?,您好，这款产品无犹豫期。 如您需要退费，可以在保单生效前(2026公众号年1月1日前)，（1）在“南
退保流程,相似问题,如何取消自动续费,怎么关掉自动续费？,"取消自动续费,退保,关闭续保",失败,否,否,0%,0.844,如何取消自动续保,这个自动续保我都不知道怎么就自动续保了？能取消订单吗,取消自动续保：①【我的南京APP】或微信服务号【南京宁惠保】“个人中心”--“我的保单”页面找到需要
退保流程,相似问题,退保的费用是怎么计算的？,退保能拿回多少钱？,"退保,退款,费用计算",成功,是,否,33%,0.786,退保的费用是怎么计算的？,申请退保后保费多久到账？,您好，保单生效前退保是全额退还您的保费；保单生效后退保，对于未发生理赔的，将退还对应的未满期净保费。
退保流程,相似问题,如何取消自动续保,怎么不让保险自动续费？,"取消自动续保,关闭续保,停止续费",成功,是,否,33%,0.869,如何取消自动续保,这个自动续保我都不知道怎么就自动续保了？能取消订单吗,取消自动续保：①【我的南京APP】或微信服务号【南京宁惠保】“个人中心”--“我的保单”页面找到需要
退保流程,相似问题,麻烦把家庭被保人陈玉琴也一并退保,怎么把家人的保单也一并退掉？,"退保,家庭成员,一起退",成功,是,否,33%,0.847,麻烦把家庭被保人陈玉琴也一并退保,如何办理退保手续？,24年：免赔额是年度累计的（基础版99）①责任一 医保范围内个人自付：免赔额 1.8万， 1.8万-
退保流程,相似问题,怎么取消续保功能,怎么关掉自动续保？,"取消续保,自动续保,关闭续保",失败,否,否,33%,0.892,如何取消自动续保,这个自动续保我都不知道怎么就自动续保了？能取消订单吗,取消自动续保：①【我的南京APP】或微信服务号【南京宁惠保】“个人中心”--“我的保单”页面找到需要
门诊保障,相似问题,门特门诊医保可以报销的,门特门诊的费用怎么报销？,"门特门诊,医保报销,自动续保",成功,是,否,33%,0.835,门特门诊医保可以报销的,普通门诊费用是否可以报销？,取消自动续保：①【我的南京APP】或微信服务号【南京宁惠保】“个人中心”--“我的保单”页面找到需要
门诊保障,相似问题,那我刚才看你们的宣传说门诊看的也可以报，那是什么东西,你们说门诊也能报，具体怎么算？,"门诊,报销范围,宣传内容",成功,是,否,33%,0.817,那我刚才看你们的宣传说门诊看的也可以报，那是什么东西,门诊看病是否可以报销,24年：免赔额是年度内累计的（基础版99）①责任一 医保范围内个人自付：免赔额 1.8万， 1.8万
门诊保障,相似问题,请问门诊双通道的药品可以报销吗？,门诊用的特效药能报销吗？,"门诊双通道,药品报销,特药",成功,是,否,33%,0.843,请问门诊双通道的药品可以报销吗？,你好我想问下门诊双通道现在也可以报销吗,24年：免赔额是年度内累计的（基础版99） ①责任一 医保范围内个人自付：免赔额 1.8万， 1.8
门诊保障,相似问题,你好我想问下门诊双通道现在也可以报销吗,门诊的特药现在能报吗？,"门诊双通道,是否可报销,门诊费用",成功,是,否,0%,0.756,你好我想问下门诊双通道现在也可以报销吗,请问门诊双通道的药品可以报销吗？,基础保障版（99元版本）①责任一：免赔额1.5万至2万元之间赔付20%；2万元以上非既往症赔付90%
产品信息+产品信息,合成问题,免赔额具体金额是多少？ + 全家参保有什么额外好处吗？,免赔额具体金额是多少，还有全家参保有什么额外好处吗,"免赔额金额,免赔额数额,全家参保,家庭共享",失败,否,否,25%,0.781,请问免赔额是多少,如何实现家庭参保共享免赔额，理赔时如何认定为一个家庭？,升级保障版（150元版本）：①责任一：免赔额1.5至2万元之间赔付10%；2万元以上非既往症赔付90
产品信息+产品信息,合成问题,全家参保有什么额外好处吗？ + 为什么建议您保留自动续保?,全家参保有什么额外好处吗，还有为什么建议您保留自动续保,"全家参保,家庭共享,自动续保,续保",成功,是,是,75%,0.807,全家参保有什么额外好处吗？,为什么建议您保留自动续保?,同一投保人为3人及以上直系家庭成员同时购买的，其本人、配偶、父母及子女可分别共享责任一和责任二、三的
产品信息+产品信息,合成问题,为什么建议您保留自动续保? + 这款产品有哪些投保渠道？,为什么建议您保留自动续保，还有这款产品有哪些投保渠道,"自动续保,续保,投保渠道,购买途径",成功,是,是,50%,0.830,为什么建议您保留自动续保?,这个自动续保我都不知道怎么就自动续保了？能取消订单吗,保障不中断：无需手动记投保时间，划扣成功后直接续接次年保障，避免因忙碌、遗忘导致“保障空窗期”，应对
产品信息+产品信息,合成问题,这款产品有哪些投保渠道？ + 申请退保后保费多久到账？,这款产品有哪些投保渠道，还有申请退保后保费多久到账,"投保渠道,购买途径,退保,退款",成功,是,否,25%,0.775,申请退保后保费多久到账？,这款产品会停售吗？,您好，若您在投保期申请退保，退保申请成功后费用将在48小时内到账。保障生效后无法申请退保，若有特殊情
产品信息+产品信息,合成问题,申请退保后保费多久到账？ + 电子保单什么时候可以查下并下载？,申请退保后保费多久到账，还有电子保单什么时候可以查下并下载,"退保,退款,电子保单,下载",成功,是,是,75%,0.857,申请退保后保费多久到账？,电子保单什么时候可以查下并下载？,您好，若您在投保期申请退保，退保申请成功后费用将在48小时内到账。保障生效后无法申请退保，若有特殊情
产品信息+产品信息,合成问题,电子保单什么时候可以查下并下载？ + 这款产品的领款人是谁？,电子保单什么时候可以查下并下载，还有这款产品的领款人是谁,"电子保单,下载,领款人,被保险人",成功,是,是,50%,0.813,电子保单什么时候可以查下并下载？,投保后提供纸质保单还是电子保单？,您好，你可于缴费期结束后1个月后在【“南京宁惠保”公众号或“微保”小程序】-我的-保单-保单服务-保
产品信息+产品信息,合成问题,这款产品的领款人是谁？ + 省外医保人员是否可以参保南京宁惠保？,这款产品的领款人是谁，还有省外医保人员是否可以参保南京宁惠保,"领款人,被保险人,省外医保,参保条件",成功,是,否,25%,0.790,省外医保人员是否可以参保南京宁惠保？,哪些人群可以参保南京宁惠保？,省外医保人员可以在提供2026年1月1日前已在南京居住或工作证明的情况下参保。居住证明包括居住证、暂
产品信息+产品信息,合成问题,省外医保人员是否可以参保南京宁惠保？ + 南京基本医保参保人可以为直系亲属投保宁,省外医保人员是否可以参保南京宁惠保，还有南京基本医保参保人可以为直系亲属投保宁惠保吗,"省外医保,参保条件,为亲属投保,直系亲属参保",成功,是,否,25%,0.919,我是南京医保，可以给省内医保的家人/外地医保的家人参保吗,南京基本医保参保人可以为直系亲属投保宁惠保吗？,可以参保。如果是江苏省内医保的家人，可以直接为他们参保；如果家人是外地医保，有两种情况可以为他们直接
产品信息+产品信息,合成问题,南京基本医保参保人可以为直系亲属投保宁惠保吗？ + 续保时需要再次告知身体状况吗,南京基本医保参保人可以为直系亲属投保宁惠保吗，还有续保时需要再次告知身体状况吗,"为亲属投保,直系亲属参保,续保,告知健康状况",成功,是,否,0%,0.878,南京基本医保参保人可以为直系亲属投保宁惠保吗？,我是南京医保，可以给省内医保的家人/外地医保的家人参保吗,南京基本医保参保人（包括南京城镇职工医保和城乡居民医保参保人群）可以为其直系亲属投保宁惠保，直系亲属
产品信息+产品信息,合成问题,续保时需要再次告知身体状况吗 + 续保需要重新填写资料吗？,续保时需要再次告知身体状况吗，还有续保需要重新填写资料吗,"续保,告知健康状况,续保,资料",成功,是,是,75%,0.929,续保时需要再次告知身体状况吗,续保需要重新填写资料吗？,您好，续保时无需告知身体状况。 您好，续保时系统会保留上年投保信息，无需重新填写全部资料。但需确认：
产品信息+产品信息,合成问题,续保需要重新填写资料吗？ + 这款产品的赔付比例是多少？,续保需要重新填写资料吗，还有这款产品的赔付比例是多少,"续保,资料,赔付比例,报销比例",成功,是,是,50%,0.799,续保需要重新填写资料吗？,这款产品可以续保吗？续保规则是什么？,您好，续保时系统会保留上年投保信息，无需重新填写全部资料。但需确认：①个人信息是否变更（姓名、身份证
产品信息+产品信息,合成问题,这款产品的赔付比例是多少？ + 这款产品的等待期/观察期有多久？,这款产品的赔付比例是多少，还有这款产品的等待期/观察期有多久,"赔付比例,报销比例,等待期,观察期",成功,是,是,50%,0.757,这款产品的等待期/观察期有多久？,什么是等待期,您好，这款产品等待期分别为：
基础保障版（99元版本）：责任一、责任二、责任三 无等待期
升级保障版
产品信息+产品信息,合成问题,这款产品的等待期/观察期有多久？ + 去年参保了，今年继续参保有没有什么优待？,这款产品的等待期/观察期有多久，还有去年参保了，今年继续参保有没有什么优待,"等待期,观察期,连续参保,续保优惠",成功,是,否,25%,0.744,这款产品可以续保吗？续保规则是什么？,这款产品的等待期/观察期有多久？,您好，本产品无法保证每年是否可以续保，南京宁惠保是普惠型商业补充医疗保险，承保范围与医保政策衔接，因
产品信息+产品信息,合成问题,去年参保了，今年继续参保有没有什么优待？ + 购买宁惠保是否还需要购买国家基本医,去年参保了，今年继续参保有没有什么优待，还有购买宁惠保是否还需要购买国家基本医疗保险,"连续参保,续保优惠,宁惠保,医保",成功,是,是,75%,0.840,去年参保了，今年继续参保有没有什么优待？,这款产品有哪些优待政策吗？,连续两年及以上未中断投保“南京宁惠保”且未出险的，责任二、三赔付比例提升5%(基础版)/责任二、三、
产品信息+产品信息,合成问题,购买宁惠保是否还需要购买国家基本医疗保险？ + 这款产品什么时候生效？,购买宁惠保是否还需要购买国家基本医疗保险，还有这款产品什么时候生效,"宁惠保,医保,生效时间,保障开始",成功,是,是,50%,0.837,购买宁惠保是否还需要购买国家基本医疗保险？,在哪里查询投保须知？,购买宁惠保并不替代国家基本医疗保险，两者可以同时参保。宁惠保作为补充医疗保障，可对医保外费用进行赔付
产品信息+产品信息,合成问题,这款产品什么时候生效？ + 这款产品会停售吗？,这款产品什么时候生效，还有这款产品会停售吗,"生效时间,保障开始,停售,停止销售",成功,是,否,25%,0.778,这款产品会停售吗？,这款产品什么时候生效？,您好，本产品的参保开放时间为即日起至2025年12月31日。在此参保期结束后，您将无法参保。为了保证
产品信息+产品信息,合成问题,这款产品会停售吗？ + 这款产品保费是多少？,这款产品会停售吗，还有这款产品保费是多少,"停售,停止销售,保费金额",成功,是,否,0%,0.827,这款产品会停售吗？,这款产品可以续保吗？续保规则是什么？,您好，本产品的参保开放时间为即日起至2025年12月31日。在此参保期结束后，您将无法参保。为了保证
产品信息+产品信息,合成问题,这款产品保费是多少？ + 这款产品保障多长时间？,这款产品保费是多少，还有这款产品保障多长时间,"保费金额,保障期限,有效期",成功,是,否,0%,0.780,这款产品保额是多少？,这款产品保障多长时间？,您好，这款产品保额分别为：
基础保障版（99元版本）：共计150万，其中责任一：100万 责任二、三
产品信息+产品信息,合成问题,这款产品保障多长时间？ + 这款产品保额是多少？,这款产品保障多长时间，还有这款产品保额是多少,"保障期限,有效期,保额,赔付上限",成功,是,否,25%,0.820,这款产品保额是多少？,这款产品保障多长时间？,您好，这款产品保额分别为：
基础保障版（99元版本）：共计150万，其中责任一：100万 责任二、三
产品信息+产品信息,合成问题,这款产品保额是多少？ + 这款产品可以为他人投保吗？,这款产品保额是多少，还有这款产品可以为他人投保吗,"保额,赔付上限,为他人投保,给家人买",成功,是,否,25%,0.806,这款产品可以为他人投保吗？,这款产品保额是多少？,您好，您可以为您本人及近亲属投保，近亲属包括父母、配偶、子女、兄弟姐妹、祖父母、外祖父母、孙子女、外
产品信息+产品信息,合成问题,这款产品可以为他人投保吗？ + 这款产品可以续保吗？续保规则是什么？,这款产品可以为他人投保吗，还有这款产品可以续保吗续保规则是什么,"为他人投保,给家人买,续保规则,能否续保",成功,是,否,0%,0.829,这款产品可以续保吗？续保规则是什么？,这款产品可以为他人投保吗？,您好，本产品无法保证每年是否可以续保，南京宁惠保是普惠型商业补充医疗保险，承保范围与医保政策衔接，因
产品信息+产品信息,合成问题,这款产品可以续保吗？续保规则是什么？ + 这款产品生效时间早于投保时间是否合规？,这款产品可以续保吗续保规则是什么，还有这款产品生效时间早于投保时间是否合规,"续保规则,能否续保,生效时间,投保时间",成功,是,是,50%,0.856,这款产品可以续保吗？续保规则是什么？,这款产品会停售吗？,您好，本产品无法保证每年是否可以续保，南京宁惠保是普惠型商业补充医疗保险，承保范围与医保政策衔接，因
产品信息+产品信息,合成问题,这款产品生效时间早于投保时间是否合规？ + 这款产品和其他商业险是否有冲突？,这款产品生效时间早于投保时间是否合规，还有这款产品和其他商业险是否有冲突,"生效时间,投保时间,与其他保险冲突,和商业险关系",成功,是,是,50%,0.851,这款产品生效时间早于投保时间是否合规？,这款产品什么时候生效？,您好，请您不用担心，本产品是符合监管要求的，这款产品并不是按照投保时间来约定生效日。只要是在投保期参
产品信息+产品信息,合成问题,这款产品和其他商业险是否有冲突？ + 这款产品和医保的区别？,这款产品和其他商业险是否有冲突，还有这款产品和医保的区别,"与其他保险冲突,和商业险关系,南京宁惠保,医保区别",成功,是,否,25%,0.820,这款产品和其他商业险是否有冲突？,什么是商业保险？,您好，这款产品与其他商业险是不冲突的，如果您购买的是重大疾病、身故、伤残类等给付型保险产品完全不受影
产品信息+产品信息,合成问题,这款产品和医保的区别？ + 这款产品怎么投保？,这款产品和医保的区别，还有这款产品怎么投保,"南京宁惠保,医保区别,怎么参保,投保方式",成功,是,否,25%,0.702,这款产品和医保的区别？,投保这款产品需要满足什么条件？,您好，南京宁惠保是为南京人民量身定制的普惠型医疗补充保险。“南京宁惠保”紧密衔接医保，被保险人因疾病
产品信息+产品信息,合成问题,这款产品怎么投保？ + 这款产品是哪个保险公司承保的？,这款产品怎么投保，还有这款产品是哪个保险公司承保的,"怎么参保,投保方式,承保公司,保险公司",成功,是,否,0%,0.779,这款产品是哪个保险公司承保的？,投保这款产品需要满足什么条件？,您好，本产品由中国人民保险、太平洋财险、中国人寿财险、中华联合财险、中银保险、紫金财险、阳光财险、中
产品信息+产品信息,合成问题,这款产品是哪个保险公司承保的？ + 这款产品有哪些优待政策吗？,这款产品是哪个保险公司承保的，还有这款产品有哪些优待政策吗,"承保公司,保险公司,优待政策,续保优惠",成功,是,否,0%,0.770,这款产品是哪个保险公司承保的？,这款产品可以续保吗？续保规则是什么？,您好，本产品由中国人民保险、太平洋财险、中国人寿财险、中华联合财险、中银保险、紫金财险、阳光财险、中
产品信息+产品信息,合成问题,这款产品有哪些优待政策吗？ + 去年已购买了“南京宁惠保”，今年还需要重新购买吗,这款产品有哪些优待政策吗，还有去年已购买了“南京宁惠保”，今年还需要重新购买吗,"优待政策,续保优惠,南京宁惠保,是否需要重新购买",成功,是,否,25%,0.855,去年已购买了“南京宁惠保”，今年还需要重新购买吗？,去年参保了，今年继续参保有没有什么优待？,“南京宁惠保”是一年期产品，需要每年投保。现在开放参保的“南京宁惠保”六期，保障时间是2026年1月
产品信息+产品信息,合成问题,去年已购买了“南京宁惠保”，今年还需要重新购买吗？ + 参保有截止日期吗？,去年已购买了“南京宁惠保”，今年还需要重新购买吗，还有参保有截止日期吗,"南京宁惠保,是否需要重新购买,截止日期,参保时间",成功,是,是,50%,0.876,去年已购买了“南京宁惠保”，今年还需要重新购买吗？,参保有截止日期吗？,“南京宁惠保”是一年期产品，需要每年投保。现在开放参保的“南京宁惠保”六期，保障时间是2026年1月
产品信息+产品信息,合成问题,参保有截止日期吗？ + 什么是“南京宁惠保？,参保有截止日期吗，还有什么是“南京宁惠保,"截止日期,参保时间,南京宁惠保,是什么",成功,是,是,50%,0.908,参保有截止日期吗？,什么是“南京宁惠保？,您好，参保时间是即日起到2025年12月31日，过期就无法参保了。保障明年一整年，建议您尽早办理，别