序号,用户问题,人工回答摘要,AI回答摘要,相似度%,可接受,原因,命中关键词,响应时间ms
1,您好，开发票,下载保单或者下载发票的步骤一、公众号下载：关注微信公众号“江苏人保财险”——个性主页——中国人保-我的-我的保单,您好，目前宁惠保参保后是可以提供电子发票。如有需求，我们为您登记后预计3个工作日发送。给您带来不便，敬请谅解。,10,否,内容匹配度不足 (10%),发票,3940
2,怎么开发票呀,下载保单或者下载发票的步骤一、公众号下载：关注微信公众号“江苏人保财险”——个性主页——中国人保-我的-我的保单,您好，目前宁惠保参保后是可以提供电子发票。如有需求，我们为您登记后预计3个工作日发送。给您带来不便，敬请谅解。,10,否,内容匹配度不足 (10%),发票,3946
3,我申请的理赔未达未赔额是什么意思,个人自付：1.45万（基础版1.5万） 个人自费：1.95万（基础版2.0万）,“未达免赔额”是指您在申请理赔时，年度内累计的医疗费用尚未达到保险合同中规定的免赔额门槛，因此暂时不符合赔付条件。

根据南京宁惠保第6期产品规则：

**免赔,20,是,回答内容充实,"1.45万,1.5万",21399
4,免赔额是多少,个人自付：1.45万（基础版1.5万） 个人自费：1.95万（基础版2.0万）,升级保障版（150元版本）：①责任一：免赔额1.5至2万元之间赔付10%；2万元以上非既往症赔付90%，既往症赔付60%年赔付限额100万②责任二、三：共用2万,,是,回答内容充实,无,11761
5,这两个什么区别呢,个人自付指在医保范围内的药品、耗材、项目经医保报销后，剩余需要自己自付的费用；个人自费指在医保范围外医保不报销的药品、耗材、项目，需要完全自费的费用；同一次就诊,您好！您提到“这两个”，但未具体说明是哪两个产品或方案。请您明确一下是指“南京宁惠保Ⅲ期”和“南京宁惠保Ⅳ期”，还是其他两个不同的保险产品？这样我才能准确为您解,,否,内容匹配度不足 (0%),无,3886
6,怎么样取消宁惠保续费功能,1.支付宝自费购买关系续保服务：支付宝  右下角  我的  点击设置  支付设置  自动续费/免密支付  蚂蚁保  管理服务  宁惠保六期  关闭自动续保  2,取消自动续保：【我的南京APP】或微信公众号【南京宁惠保】“个人中心”--“我的保单”页面找到需要取消自动续保的保单，查看详情，续保服务的按钮关闭即可。  
支,47,是,回答内容丰富 (47%),"宁惠保,保单,续保,微信公众号,支付宝,公众号,支付宝",8782
7,怎么样取消宁惠保续费,1.支付宝自费购买关系续保服务：支付宝  右下角  我的  点击设置  支付设置  自动续费/免密支付  蚂蚁保  管理服务  宁惠保六期  关闭自动续保  2,如您暂时不需要自动续保“南京宁惠保六期”，可按以下方式取消自动续保、关闭续保服务：

（1）如您是通过我的南京APP、南京宁惠保公众号参保：可点击“南京宁惠保”,47,是,回答内容丰富 (47%),"宁惠保,保单,续保,支付宝,查询,公众号,支付宝",9794
8,没有找到入口,您从哪个渠道购买的  就从那个渠道关闭哦,您好，您可以关注【南京宁惠保】微信公众号-【参保】-选择【参保入口】进入页面，按照页面提示填写参保信息完成参保即可。,,否,内容匹配度不足 (0%),无,3569
9,能不能提供一下链接,这边没有链接哦   ‘’,请提供您需要的具体信息或服务类型（例如：投保入口、理赔申请、产品详情等），以便我为您提供对应的官方链接。,,否,内容匹配度不足 (0%),无,2981
10,通过医保卡购买,.医保卡个账购买关闭自动续保流程：南京宁惠保微信公众号--个人中心--保单查询--下方【开通自动续保页面】--已开启人员--下方【关闭扣费服务】。,您好，投保后要求您激活电子医保卡，主要是为了核验您的参保资格，因为本产品仅南京市基本医疗保险参保人，且在保状态才可投保，若南京市医保中断缴费或欠缴费都不可投保本,9,否,内容匹配度不足 (9%),医保,4213
11,线下购买的,.医保卡个账购买关闭自动续保流程：南京宁惠保微信公众号--个人中心--保单查询--下方【开通自动续保页面】--已开启人员--下方【关闭扣费服务】。,请问您是想了解关于“南京宁惠保”线下购买的相关信息吗？例如投保方式、所需材料，还是其他问题？请具体说明一下，我会尽力为您解答。,9,否,内容匹配度不足 (9%),宁惠保,3121
12,有几个渠道可以取消，我都试一下,.医保卡个账购买关闭自动续保流程：南京宁惠保微信公众号--个人中心--保单查询--下方【开通自动续保页面】--已开启人员--下方【关闭扣费服务】。,您好，如果您需要退保南京宁惠保，如您是自费购买，投保期可以在南京宁惠保公众号或我的南京-我的-南京宁惠保--“我的保单”页面找到需要退款的保单，查看详情，点击“,26,是,回答内容充实,"宁惠保,保单,公众号",6174
13,320113195704111628,.医保卡个账购买关闭自动续保流程：南京宁惠保微信公众号--个人中心--保单查询--下方【开通自动续保页面】--已开启人员--下方【关闭扣费服务】。,请提供更具体的问题或需求，例如查询参保状态、理赔信息或其他相关服务，以便我更好地协助您。,9,否,内容匹配度不足 (9%),查询,3620
14,您帮我查询一下,.医保卡个账购买关闭自动续保流程：南京宁惠保微信公众号--个人中心--保单查询--下方【开通自动续保页面】--已开启人员--下方【关闭扣费服务】。,您好！请问您需要查询关于“南京宁惠保”的哪方面信息呢？例如：

- 保障内容
- 投保条件
- 理赔流程
- 保费金额
- 参保时间
- 是否可续保
- 定点医,26,否,内容匹配度不足 (26%),"宁惠保,续保,查询",4243
15,没有看到下方有开通自动续费的页面,,（1）如您是通过我的南京APP、南京宁惠保公众号参保：可点击“南京宁惠保”公众号菜单栏→【个人中心】→【保单查询】→【我的保单】查看自动续保是否开启。  
（2,,否,内容匹配度不足 (0%),无,6641
16,里面没有啊,,您好，您提到“里面没有”，但未说明具体是指哪方面的内容缺失。为了更好地帮助您，请您明确一下：

- 您是在查询保障内容、理赔信息、参保条件，还是其他方面？
- ,,是,回答内容充实,无,3887


===== 汇总统计 =====
总测试数,16
可接受数,6
准确率,38%
平均相似度,13%
平均响应时间,6372ms
